id; last_times_detected; lifetime; left_lifetime; detection_confidence; blinking_freq; movement_vector; last_positions;
5341; [1, 0, 1, 0, 1, 0, 1, 0, 1, 0, 1, 0, 1, 0, 1, 0, 1, 0, 1, 0]; 28; 9; 21; 15.0; [-4.75, 2.9166666666666665]; [(1063.0, 454.0), (1055.0, 458.0), (1050.0, 461.0), (1046.0, 464.0), (1041.0, 467.0), (1036.0, 470.0), (1031.0, 472.0), (1027.0, 476.0), (1022.0, 479.0), (1017.0, 481.0), (1012.0, 484.0), (1007.0, 487.0), (1003.0, 490.0), (998.0, 493.0)];
5341; [0, 1, 0, 1, 0, 1, 0, 1, 0, 1, 0, 1, 0, 1, 0, 1, 0, 1, 0, 1]; 29; 10; 22; 15.0; [-4.769230769230769, 2.8461538461538463]; [(1063.0, 454.0), (1055.0, 458.0), (1050.0, 461.0), (1046.0, 464.0), (1041.0, 467.0), (1036.0, 470.0), (1031.0, 472.0), (1027.0, 476.0), (1022.0, 479.0), (1017.0, 481.0), (1012.0, 484.0), (1007.0, 487.0), (1003.0, 490.0), (998.0, 493.0), (993.0, 495.0)];
5341; [1, 0, 1, 0, 1, 0, 1, 0, 1, 0, 1, 0, 1, 0, 1, 0, 1, 0, 1, 0]; 30; 9; 23; 15.0; [-4.769230769230769, 2.8461538461538463]; [(1063.0, 454.0), (1055.0, 458.0), (1050.0, 461.0), (1046.0, 464.0), (1041.0, 467.0), (1036.0, 470.0), (1031.0, 472.0), (1027.0, 476.0), (1022.0, 479.0), (1017.0, 481.0), (1012.0, 484.0), (1007.0, 487.0), (1003.0, 490.0), (998.0, 493.0), (993.0, 495.0)];
5341; [0, 1, 0, 1, 0, 1, 0, 1, 0, 1, 0, 1, 0, 1, 0, 1, 0, 1, 0, 1]; 31; 10; 24; 15.0; [-4.714285714285714, 2.857142857142857]; [(1063.0, 454.0), (1055.0, 458.0), (1050.0, 461.0), (1046.0, 464.0), (1041.0, 467.0), (1036.0, 470.0), (1031.0, 472.0), (1027.0, 476.0), (1022.0, 479.0), (1017.0, 481.0), (1012.0, 484.0), (1007.0, 487.0), (1003.0, 490.0), (998.0, 493.0), (993.0, 495.0), (989.0, 498.0)];
5341; [1, 0, 1, 0, 1, 0, 1, 0, 1, 0, 1, 0, 1, 0, 1, 0, 1, 0, 1, 0]; 32; 9; 25; 15.0; [-4.714285714285714, 2.857142857142857]; [(1063.0, 454.0), (1055.0, 458.0), (1050.0, 461.0), (1046.0, 464.0), (1041.0, 467.0), (1036.0, 470.0), (1031.0, 472.0), (1027.0, 476.0), (1022.0, 479.0), (1017.0, 481.0), (1012.0, 484.0), (1007.0, 487.0), (1003.0, 490.0), (998.0, 493.0), (993.0, 495.0), (989.0, 498.0)];
5341; [0, 1, 0, 1, 0, 1, 0, 1, 0, 1, 0, 1, 0, 1, 0, 1, 0, 1, 0, 1]; 33; 10; 26; 15.0; [-4.733333333333333, 2.8666666666666667]; [(1063.0, 454.0), (1055.0, 458.0), (1050.0, 461.0), (1046.0, 464.0), (1041.0, 467.0), (1036.0, 470.0), (1031.0, 472.0), (1027.0, 476.0), (1022.0, 479.0), (1017.0, 481.0), (1012.0, 484.0), (1007.0, 487.0), (1003.0, 490.0), (998.0, 493.0), (993.0, 495.0), (989.0, 498.0), (984.0, 501.0)];
5341; [1, 0, 1, 0, 1, 0, 1, 0, 1, 0, 1, 0, 1, 0, 1, 0, 1, 0, 1, 0]; 34; 9; 27; 15.0; [-4.733333333333333, 2.8666666666666667]; [(1063.0, 454.0), (1055.0, 458.0), (1050.0, 461.0), (1046.0, 464.0), (1041.0, 467.0), (1036.0, 470.0), (1031.0, 472.0), (1027.0, 476.0), (1022.0, 479.0), (1017.0, 481.0), (1012.0, 484.0), (1007.0, 487.0), (1003.0, 490.0), (998.0, 493.0), (993.0, 495.0), (989.0, 498.0), (984.0, 501.0)];
5341; [0, 1, 0, 1, 0, 1, 0, 1, 0, 1, 0, 1, 0, 1, 0, 1, 0, 1, 0, 1]; 35; 10; 28; 15.0; [-4.75, 2.875]; [(1063.0, 454.0), (1055.0, 458.0), (1050.0, 461.0), (1046.0, 464.0), (1041.0, 467.0), (1036.0, 470.0), (1031.0, 472.0), (1027.0, 476.0), (1022.0, 479.0), (1017.0, 481.0), (1012.0, 484.0), (1007.0, 487.0), (1003.0, 490.0), (998.0, 493.0), (993.0, 495.0), (989.0, 498.0), (984.0, 501.0), (979.0, 504.0)];
5341; [1, 0, 1, 0, 1, 0, 1, 0, 1, 0, 1, 0, 1, 0, 1, 0, 1, 0, 1, 0]; 36; 9; 29; 15.0; [-4.75, 2.875]; [(1063.0, 454.0), (1055.0, 458.0), (1050.0, 461.0), (1046.0, 464.0), (1041.0, 467.0), (1036.0, 470.0), (1031.0, 472.0), (1027.0, 476.0), (1022.0, 479.0), (1017.0, 481.0), (1012.0, 484.0), (1007.0, 487.0), (1003.0, 490.0), (998.0, 493.0), (993.0, 495.0), (989.0, 498.0), (984.0, 501.0), (979.0, 504.0)];
5341; [0, 1, 0, 1, 0, 1, 0, 1, 0, 1, 0, 1, 0, 1, 0, 1, 0, 1, 0, 1]; 37; 10; 30; 15.0; [-4.764705882352941, 2.823529411764706]; [(1063.0, 454.0), (1055.0, 458.0), (1050.0, 461.0), (1046.0, 464.0), (1041.0, 467.0), (1036.0, 470.0), (1031.0, 472.0), (1027.0, 476.0), (1022.0, 479.0), (1017.0, 481.0), (1012.0, 484.0), (1007.0, 487.0), (1003.0, 490.0), (998.0, 493.0), (993.0, 495.0), (989.0, 498.0), (984.0, 501.0), (979.0, 504.0), (974.0, 506.0)];
5341; [1, 0, 1, 0, 1, 0, 1, 0, 1, 0, 1, 0, 1, 0, 1, 0, 1, 0, 1, 0]; 38; 9; 31; 15.0; [-4.764705882352941, 2.823529411764706]; [(1063.0, 454.0), (1055.0, 458.0), (1050.0, 461.0), (1046.0, 464.0), (1041.0, 467.0), (1036.0, 470.0), (1031.0, 472.0), (1027.0, 476.0), (1022.0, 479.0), (1017.0, 481.0), (1012.0, 484.0), (1007.0, 487.0), (1003.0, 490.0), (998.0, 493.0), (993.0, 495.0), (989.0, 498.0), (984.0, 501.0), (979.0, 504.0), (974.0, 506.0)];
5341; [0, 1, 0, 1, 0, 1, 0, 1, 0, 1, 0, 1, 0, 1, 0, 1, 0, 1, 0, 1]; 39; 10; 32; 15.0; [-4.722222222222222, 2.888888888888889]; [(1063.0, 454.0), (1055.0, 458.0), (1050.0, 461.0), (1046.0, 464.0), (1041.0, 467.0), (1036.0, 470.0), (1031.0, 472.0), (1027.0, 476.0), (1022.0, 479.0), (1017.0, 481.0), (1012.0, 484.0), (1007.0, 487.0), (1003.0, 490.0), (998.0, 493.0), (993.0, 495.0), (989.0, 498.0), (984.0, 501.0), (979.0, 504.0), (974.0, 506.0), (970.0, 510.0)];
5341; [1, 0, 1, 0, 1, 0, 1, 0, 1, 0, 1, 0, 1, 0, 1, 0, 1, 0, 1, 1]; 40; 10; 33; 16.5; [-4.722222222222222, 2.888888888888889]; [(1055.0, 458.0), (1050.0, 461.0), (1046.0, 464.0), (1041.0, 467.0), (1036.0, 470.0), (1031.0, 472.0), (1027.0, 476.0), (1022.0, 479.0), (1017.0, 481.0), (1012.0, 484.0), (1007.0, 487.0), (1003.0, 490.0), (998.0, 493.0), (993.0, 495.0), (989.0, 498.0), (984.0, 501.0), (979.0, 504.0), (974.0, 506.0), (970.0, 510.0), (970.0, 511.0)];
5341; [0, 1, 0, 1, 0, 1, 0, 1, 0, 1, 0, 1, 0, 1, 0, 1, 0, 1, 1, 1]; 41; 10; 34; 16.5; [-4.705882352941177, 2.8823529411764706]; [(1050.0, 461.0), (1046.0, 464.0), (1041.0, 467.0), (1036.0, 470.0), (1031.0, 472.0), (1027.0, 476.0), (1022.0, 479.0), (1017.0, 481.0), (1012.0, 484.0), (1007.0, 487.0), (1003.0, 490.0), (998.0, 493.0), (993.0, 495.0), (989.0, 498.0), (984.0, 501.0), (979.0, 504.0), (974.0, 506.0), (970.0, 510.0), (970.0, 511.0), (964.0, 512.0)];
5341; [1, 0, 1, 0, 1, 0, 1, 0, 1, 0, 1, 0, 1, 0, 1, 0, 1, 1, 1, 0]; 42; 9; 35; 16.5; [-4.705882352941177, 2.8823529411764706]; [(1050.0, 461.0), (1046.0, 464.0), (1041.0, 467.0), (1036.0, 470.0), (1031.0, 472.0), (1027.0, 476.0), (1022.0, 479.0), (1017.0, 481.0), (1012.0, 484.0), (1007.0, 487.0), (1003.0, 490.0), (998.0, 493.0), (993.0, 495.0), (989.0, 498.0), (984.0, 501.0), (979.0, 504.0), (974.0, 506.0), (970.0, 510.0), (970.0, 511.0), (964.0, 512.0)];
5341; [0, 1, 0, 1, 0, 1, 0, 1, 0, 1, 0, 1, 0, 1, 0, 1, 1, 1, 0, 1]; 43; 10; 36; 16.5; [-4.705882352941177, 2.823529411764706]; [(1046.0, 464.0), (1041.0, 467.0), (1036.0, 470.0), (1031.0, 472.0), (1027.0, 476.0), (1022.0, 479.0), (1017.0, 481.0), (1012.0, 484.0), (1007.0, 487.0), (1003.0, 490.0), (998.0, 493.0), (993.0, 495.0), (989.0, 498.0), (984.0, 501.0), (979.0, 504.0), (974.0, 506.0), (970.0, 510.0), (970.0, 511.0), (964.0, 512.0), (960.0, 514.0)];
5341; [1, 0, 1, 0, 1, 0, 1, 0, 1, 0, 1, 0, 1, 0, 1, 1, 1, 0, 1, 1]; 44; 10; 34; 18.0; [-4.6875, 2.8125]; [(1041.0, 467.0), (1036.0, 470.0), (1031.0, 472.0), (1027.0, 476.0), (1022.0, 479.0), (1017.0, 481.0), (1012.0, 484.0), (1007.0, 487.0), (1003.0, 490.0), (998.0, 493.0), (993.0, 495.0), (989.0, 498.0), (984.0, 501.0), (979.0, 504.0), (974.0, 506.0), (970.0, 510.0), (970.0, 511.0), (964.0, 512.0), (960.0, 514.0), (958.0, 516.0)];
5341; [0, 1, 0, 1, 0, 1, 0, 1, 0, 1, 0, 1, 0, 1, 1, 1, 0, 1, 1, 1]; 45; 10; 32; 18.0; [-4.5625, 2.75]; [(1036.0, 470.0), (1031.0, 472.0), (1027.0, 476.0), (1022.0, 479.0), (1017.0, 481.0), (1012.0, 484.0), (1007.0, 487.0), (1003.0, 490.0), (998.0, 493.0), (993.0, 495.0), (989.0, 498.0), (984.0, 501.0), (979.0, 504.0), (974.0, 506.0), (970.0, 510.0), (970.0, 511.0), (964.0, 512.0), (960.0, 514.0), (958.0, 516.0), (955.0, 518.0)];
5341; [1, 0, 1, 0, 1, 0, 1, 0, 1, 0, 1, 0, 1, 1, 1, 0, 1, 1, 1, 0]; 46; 9; 30; 18.0; [-4.5625, 2.75]; [(1036.0, 470.0), (1031.0, 472.0), (1027.0, 476.0), (1022.0, 479.0), (1017.0, 481.0), (1012.0, 484.0), (1007.0, 487.0), (1003.0, 490.0), (998.0, 493.0), (993.0, 495.0), (989.0, 498.0), (984.0, 501.0), (979.0, 504.0), (974.0, 506.0), (970.0, 510.0), (970.0, 511.0), (964.0, 512.0), (960.0, 514.0), (958.0, 516.0), (955.0, 518.0)];
5341; [0, 1, 0, 1, 0, 1, 0, 1, 0, 1, 0, 1, 1, 1, 0, 1, 1, 1, 0, 1]; 47; 10; 28; 18.0; [-4.5625, 2.8125]; [(1031.0, 472.0), (1027.0, 476.0), (1022.0, 479.0), (1017.0, 481.0), (1012.0, 484.0), (1007.0, 487.0), (1003.0, 490.0), (998.0, 493.0), (993.0, 495.0), (989.0, 498.0), (984.0, 501.0), (979.0, 504.0), (974.0, 506.0), (970.0, 510.0), (970.0, 511.0), (964.0, 512.0), (960.0, 514.0), (958.0, 516.0), (955.0, 518.0), (950.0, 521.0)];
5341; [1, 0, 1, 0, 1, 0, 1, 0, 1, 0, 1, 1, 1, 0, 1, 1, 1, 0, 1, 0]; 48; 9; 26; 18.0; [-4.5625, 2.8125]; [(1031.0, 472.0), (1027.0, 476.0), (1022.0, 479.0), (1017.0, 481.0), (1012.0, 484.0), (1007.0, 487.0), (1003.0, 490.0), (998.0, 493.0), (993.0, 495.0), (989.0, 498.0), (984.0, 501.0), (979.0, 504.0), (974.0, 506.0), (970.0, 510.0), (970.0, 511.0), (964.0, 512.0), (960.0, 514.0), (958.0, 516.0), (955.0, 518.0), (950.0, 521.0)];
5341; [0, 1, 0, 1, 0, 1, 0, 1, 0, 1, 1, 1, 0, 1, 1, 1, 0, 1, 0, 1]; 49; 10; 24; 18.0; [-4.666666666666667, 2.6666666666666665]; [(1027.0, 476.0), (1022.0, 479.0), (1017.0, 481.0), (1012.0, 484.0), (1007.0, 487.0), (1003.0, 490.0), (998.0, 493.0), (993.0, 495.0), (989.0, 498.0), (984.0, 501.0), (979.0, 504.0), (974.0, 506.0), (970.0, 510.0), (970.0, 511.0), (964.0, 512.0), (960.0, 514.0), (958.0, 516.0), (955.0, 518.0), (950.0, 521.0), (945.0, 524.0)];
5341; [1, 0, 1, 0, 1, 0, 1, 0, 1, 1, 1, 0, 1, 1, 1, 0, 1, 0, 1, 0]; 50; 9; 22; 18.0; [-4.666666666666667, 2.6666666666666665]; [(1027.0, 476.0), (1022.0, 479.0), (1017.0, 481.0), (1012.0, 484.0), (1007.0, 487.0), (1003.0, 490.0), (998.0, 493.0), (993.0, 495.0), (989.0, 498.0), (984.0, 501.0), (979.0, 504.0), (974.0, 506.0), (970.0, 510.0), (970.0, 511.0), (964.0, 512.0), (960.0, 514.0), (958.0, 516.0), (955.0, 518.0), (950.0, 521.0), (945.0, 524.0)];
5341; [1, 0, 0, 0, 1, 0, 1, 0, 1, 0, 1, 0, 1, 0, 1, 0, 1, 0, 1, 0]; 136; 9; 21; 13.5; [-5.0, 3.1176470588235294]; [(836.0, 591.0), (831.0, 594.0), (825.0, 598.0), (820.0, 601.0), (815.0, 604.0), (810.0, 607.0), (805.0, 610.0), (800.0, 613.0), (796.0, 616.0), (792.0, 618.0), (786.0, 622.0), (781.0, 625.0), (771.0, 631.0), (766.0, 634.0), (761.0, 637.0), (757.0, 640.0), (752.0, 643.0), (747.0, 646.0), (742.0, 649.0), (737.0, 652.0)];
5341; [0, 0, 0, 1, 0, 1, 0, 1, 0, 1, 0, 1, 0, 1, 0, 1, 0, 1, 0, 1]; 137; 10; 22; 13.5; [-5.0, 3.1176470588235294]; [(831.0, 594.0), (825.0, 598.0), (820.0, 601.0), (815.0, 604.0), (810.0, 607.0), (805.0, 610.0), (800.0, 613.0), (796.0, 616.0), (792.0, 618.0), (786.0, 622.0), (781.0, 625.0), (771.0, 631.0), (766.0, 634.0), (761.0, 637.0), (757.0, 640.0), (752.0, 643.0), (747.0, 646.0), (742.0, 649.0), (737.0, 652.0), (732.0, 655.0)];
5341; [0, 0, 1, 0, 1, 0, 1, 0, 1, 0, 1, 0, 1, 0, 1, 0, 1, 0, 1, 0]; 138; 9; 23; 13.5; [-5.0, 3.1176470588235294]; [(831.0, 594.0), (825.0, 598.0), (820.0, 601.0), (815.0, 604.0), (810.0, 607.0), (805.0, 610.0), (800.0, 613.0), (796.0, 616.0), (792.0, 618.0), (786.0, 622.0), (781.0, 625.0), (771.0, 631.0), (766.0, 634.0), (761.0, 637.0), (757.0, 640.0), (752.0, 643.0), (747.0, 646.0), (742.0, 649.0), (737.0, 652.0), (732.0, 655.0)];
5341; [0, 1, 0, 1, 0, 1, 0, 1, 0, 1, 0, 1, 0, 1, 0, 1, 0, 1, 0, 1]; 139; 10; 24; 15.0; [-4.9411764705882355, 3.0588235294117645]; [(825.0, 598.0), (820.0, 601.0), (815.0, 604.0), (810.0, 607.0), (805.0, 610.0), (800.0, 613.0), (796.0, 616.0), (792.0, 618.0), (786.0, 622.0), (781.0, 625.0), (771.0, 631.0), (766.0, 634.0), (761.0, 637.0), (757.0, 640.0), (752.0, 643.0), (747.0, 646.0), (742.0, 649.0), (737.0, 652.0), (732.0, 655.0), (727.0, 658.0)];
5341; [1, 0, 1, 0, 1, 0, 1, 0, 1, 0, 1, 0, 1, 0, 1, 0, 1, 0, 1, 0]; 140; 9; 25; 15.0; [-4.9411764705882355, 3.0588235294117645]; [(825.0, 598.0), (820.0, 601.0), (815.0, 604.0), (810.0, 607.0), (805.0, 610.0), (800.0, 613.0), (796.0, 616.0), (792.0, 618.0), (786.0, 622.0), (781.0, 625.0), (771.0, 631.0), (766.0, 634.0), (761.0, 637.0), (757.0, 640.0), (752.0, 643.0), (747.0, 646.0), (742.0, 649.0), (737.0, 652.0), (732.0, 655.0), (727.0, 658.0)];
5341; [0, 1, 0, 1, 0, 1, 0, 1, 0, 1, 0, 1, 0, 1, 0, 1, 0, 1, 0, 1]; 141; 10; 26; 15.0; [-4.9411764705882355, 3.0588235294117645]; [(820.0, 601.0), (815.0, 604.0), (810.0, 607.0), (805.0, 610.0), (800.0, 613.0), (796.0, 616.0), (792.0, 618.0), (786.0, 622.0), (781.0, 625.0), (771.0, 631.0), (766.0, 634.0), (761.0, 637.0), (757.0, 640.0), (752.0, 643.0), (747.0, 646.0), (742.0, 649.0), (737.0, 652.0), (732.0, 655.0), (727.0, 658.0), (722.0, 661.0)];
5341; [1, 0, 1, 0, 1, 0, 1, 0, 1, 0, 1, 0, 1, 0, 1, 0, 1, 0, 1, 1]; 142; 10; 27; 16.5; [-5.071428571428571, 3.0714285714285716]; [(815.0, 604.0), (810.0, 607.0), (805.0, 610.0), (800.0, 613.0), (796.0, 616.0), (792.0, 618.0), (786.0, 622.0), (781.0, 625.0), (771.0, 631.0), (766.0, 634.0), (761.0, 637.0), (757.0, 640.0), (752.0, 643.0), (747.0, 646.0), (742.0, 649.0), (737.0, 652.0), (732.0, 655.0), (727.0, 658.0), (722.0, 661.0), (708.0, 667.0)];
5341; [0, 1, 0, 1, 0, 1, 0, 1, 0, 1, 0, 1, 0, 1, 0, 1, 0, 1, 1, 1]; 143; 10; 28; 16.5; [-4.933333333333334, 3.066666666666667]; [(810.0, 607.0), (805.0, 610.0), (800.0, 613.0), (796.0, 616.0), (792.0, 618.0), (786.0, 622.0), (781.0, 625.0), (771.0, 631.0), (766.0, 634.0), (761.0, 637.0), (757.0, 640.0), (752.0, 643.0), (747.0, 646.0), (742.0, 649.0), (737.0, 652.0), (732.0, 655.0), (727.0, 658.0), (722.0, 661.0), (708.0, 667.0), (708.0, 667.0)];
5341; [1, 0, 1, 0, 1, 0, 1, 0, 1, 0, 1, 0, 1, 0, 1, 0, 1, 1, 1, 0]; 144; 9; 29; 16.5; [-4.933333333333334, 3.066666666666667]; [(810.0, 607.0), (805.0, 610.0), (800.0, 613.0), (796.0, 616.0), (792.0, 618.0), (786.0, 622.0), (781.0, 625.0), (771.0, 631.0), (766.0, 634.0), (761.0, 637.0), (757.0, 640.0), (752.0, 643.0), (747.0, 646.0), (742.0, 649.0), (737.0, 652.0), (732.0, 655.0), (727.0, 658.0), (722.0, 661.0), (708.0, 667.0), (708.0, 667.0)];
5341; [0, 1, 0, 1, 0, 1, 0, 1, 0, 1, 0, 1, 0, 1, 0, 1, 1, 1, 0, 1]; 145; 10; 30; 16.5; [-4.866666666666666, 3.0]; [(805.0, 610.0), (800.0, 613.0), (796.0, 616.0), (792.0, 618.0), (786.0, 622.0), (781.0, 625.0), (771.0, 631.0), (766.0, 634.0), (761.0, 637.0), (757.0, 640.0), (752.0, 643.0), (747.0, 646.0), (742.0, 649.0), (737.0, 652.0), (732.0, 655.0), (727.0, 658.0), (722.0, 661.0), (708.0, 667.0), (708.0, 667.0), (709.0, 667.0)];
5341; [1, 0, 1, 0, 1, 0, 1, 0, 1, 0, 1, 0, 1, 0, 1, 1, 1, 0, 1, 0]; 146; 9; 31; 16.5; [-4.866666666666666, 3.0]; [(805.0, 610.0), (800.0, 613.0), (796.0, 616.0), (792.0, 618.0), (786.0, 622.0), (781.0, 625.0), (771.0, 631.0), (766.0, 634.0), (761.0, 637.0), (757.0, 640.0), (752.0, 643.0), (747.0, 646.0), (742.0, 649.0), (737.0, 652.0), (732.0, 655.0), (727.0, 658.0), (722.0, 661.0), (708.0, 667.0), (708.0, 667.0), (709.0, 667.0)];
5341; [0, 1, 0, 1, 0, 1, 0, 1, 0, 1, 0, 1, 0, 1, 1, 1, 0, 1, 0, 1]; 147; 10; 32; 16.5; [-4.769230769230769, 2.923076923076923]; [(800.0, 613.0), (796.0, 616.0), (792.0, 618.0), (786.0, 622.0), (781.0, 625.0), (771.0, 631.0), (766.0, 634.0), (761.0, 637.0), (757.0, 640.0), (752.0, 643.0), (747.0, 646.0), (742.0, 649.0), (737.0, 652.0), (732.0, 655.0), (727.0, 658.0), (722.0, 661.0), (708.0, 667.0), (708.0, 667.0), (709.0, 667.0), (709.0, 671.0)];
5341; [1, 0, 1, 0, 1, 0, 1, 0, 1, 0, 1, 0, 1, 1, 1, 0, 1, 0, 1, 0]; 148; 9; 33; 16.5; [-4.769230769230769, 2.923076923076923]; [(800.0, 613.0), (796.0, 616.0), (792.0, 618.0), (786.0, 622.0), (781.0, 625.0), (771.0, 631.0), (766.0, 634.0), (761.0, 637.0), (757.0, 640.0), (752.0, 643.0), (747.0, 646.0), (742.0, 649.0), (737.0, 652.0), (732.0, 655.0), (727.0, 658.0), (722.0, 661.0), (708.0, 667.0), (708.0, 667.0), (709.0, 667.0), (709.0, 671.0)];
5341; [0, 1, 0, 1, 0, 1, 0, 1, 0, 1, 0, 1, 1, 1, 0, 1, 0, 1, 0, 1]; 149; 10; 34; 16.5; [-5.0, 3.0]; [(796.0, 616.0), (792.0, 618.0), (786.0, 622.0), (781.0, 625.0), (771.0, 631.0), (766.0, 634.0), (761.0, 637.0), (757.0, 640.0), (752.0, 643.0), (747.0, 646.0), (742.0, 649.0), (737.0, 652.0), (732.0, 655.0), (727.0, 658.0), (722.0, 661.0), (708.0, 667.0), (708.0, 667.0), (709.0, 667.0), (709.0, 671.0), (703.0, 674.0)];
5341; [1, 0, 1, 0, 1, 0, 1, 0, 1, 0, 1, 1, 1, 0, 1, 0, 1, 0, 1, 0]; 150; 9; 35; 16.5; [-5.0, 3.0]; [(796.0, 616.0), (792.0, 618.0), (786.0, 622.0), (781.0, 625.0), (771.0, 631.0), (766.0, 634.0), (761.0, 637.0), (757.0, 640.0), (752.0, 643.0), (747.0, 646.0), (742.0, 649.0), (737.0, 652.0), (732.0, 655.0), (727.0, 658.0), (722.0, 661.0), (708.0, 667.0), (708.0, 667.0), (709.0, 667.0), (709.0, 671.0), (703.0, 674.0)];
5341; [0, 1, 0, 1, 0, 1, 0, 1, 0, 1, 1, 1, 0, 1, 0, 1, 0, 1, 0, 1]; 151; 10; 36; 16.5; [-5.071428571428571, 3.0714285714285716]; [(792.0, 618.0), (786.0, 622.0), (781.0, 625.0), (771.0, 631.0), (766.0, 634.0), (761.0, 637.0), (757.0, 640.0), (752.0, 643.0), (747.0, 646.0), (742.0, 649.0), (737.0, 652.0), (732.0, 655.0), (727.0, 658.0), (722.0, 661.0), (708.0, 667.0), (708.0, 667.0), (709.0, 667.0), (709.0, 671.0), (703.0, 674.0), (698.0, 677.0)];
5341; [1, 0, 1, 0, 1, 0, 1, 0, 1, 1, 1, 0, 1, 0, 1, 0, 1, 0, 1, 1]; 152; 10; 34; 18.0; [-5.0, 3.0]; [(786.0, 622.0), (781.0, 625.0), (771.0, 631.0), (766.0, 634.0), (761.0, 637.0), (757.0, 640.0), (752.0, 643.0), (747.0, 646.0), (742.0, 649.0), (737.0, 652.0), (732.0, 655.0), (727.0, 658.0), (722.0, 661.0), (708.0, 667.0), (708.0, 667.0), (709.0, 667.0), (709.0, 671.0), (703.0, 674.0), (698.0, 677.0), (697.0, 678.0)];
5341; [0, 1, 0, 1, 0, 1, 0, 1, 1, 1, 0, 1, 0, 1, 0, 1, 0, 1, 1, 1]; 153; 10; 32; 18.0; [-4.923076923076923, 2.923076923076923]; [(781.0, 625.0), (771.0, 631.0), (766.0, 634.0), (761.0, 637.0), (757.0, 640.0), (752.0, 643.0), (747.0, 646.0), (742.0, 649.0), (737.0, 652.0), (732.0, 655.0), (727.0, 658.0), (722.0, 661.0), (708.0, 667.0), (708.0, 667.0), (709.0, 667.0), (709.0, 671.0), (703.0, 674.0), (698.0, 677.0), (697.0, 678.0), (693.0, 680.0)];
5341; [1, 0, 1, 0, 1, 0, 1, 1, 1, 0, 1, 0, 1, 0, 1, 0, 1, 1, 1, 0]; 154; 9; 30; 18.0; [-4.923076923076923, 2.923076923076923]; [(781.0, 625.0), (771.0, 631.0), (766.0, 634.0), (761.0, 637.0), (757.0, 640.0), (752.0, 643.0), (747.0, 646.0), (742.0, 649.0), (737.0, 652.0), (732.0, 655.0), (727.0, 658.0), (722.0, 661.0), (708.0, 667.0), (708.0, 667.0), (709.0, 667.0), (709.0, 671.0), (703.0, 674.0), (698.0, 677.0), (697.0, 678.0), (693.0, 680.0)];
5341; [0, 1, 0, 1, 0, 1, 1, 1, 0, 1, 0, 1, 0, 1, 0, 1, 1, 1, 0, 1]; 155; 10; 28; 18.0; [-4.846153846153846, 2.923076923076923]; [(771.0, 631.0), (766.0, 634.0), (761.0, 637.0), (757.0, 640.0), (752.0, 643.0), (747.0, 646.0), (742.0, 649.0), (737.0, 652.0), (732.0, 655.0), (727.0, 658.0), (722.0, 661.0), (708.0, 667.0), (708.0, 667.0), (709.0, 667.0), (709.0, 671.0), (703.0, 674.0), (698.0, 677.0), (697.0, 678.0), (693.0, 680.0), (688.0, 683.0)];
5341; [1, 0, 1, 0, 1, 1, 1, 0, 1, 0, 1, 0, 1, 0, 1, 1, 1, 0, 1, 0]; 156; 9; 26; 18.0; [-4.846153846153846, 2.923076923076923]; [(771.0, 631.0), (766.0, 634.0), (761.0, 637.0), (757.0, 640.0), (752.0, 643.0), (747.0, 646.0), (742.0, 649.0), (737.0, 652.0), (732.0, 655.0), (727.0, 658.0), (722.0, 661.0), (708.0, 667.0), (708.0, 667.0), (709.0, 667.0), (709.0, 671.0), (703.0, 674.0), (698.0, 677.0), (697.0, 678.0), (693.0, 680.0), (688.0, 683.0)];
5341; [0, 1, 0, 1, 1, 1, 0, 1, 0, 1, 0, 1, 0, 1, 1, 1, 0, 1, 0, 1]; 157; 10; 24; 18.0; [-4.769230769230769, 2.923076923076923]; [(766.0, 634.0), (761.0, 637.0), (757.0, 640.0), (752.0, 643.0), (747.0, 646.0), (742.0, 649.0), (737.0, 652.0), (732.0, 655.0), (727.0, 658.0), (722.0, 661.0), (708.0, 667.0), (708.0, 667.0), (709.0, 667.0), (709.0, 671.0), (703.0, 674.0), (698.0, 677.0), (697.0, 678.0), (693.0, 680.0), (688.0, 683.0), (684.0, 686.0)];
5341; [1, 0, 1, 1, 1, 0, 1, 0, 1, 0, 1, 0, 1, 1, 1, 0, 1, 0, 1, 0]; 158; 9; 22; 18.0; [-4.769230769230769, 2.923076923076923]; [(766.0, 634.0), (761.0, 637.0), (757.0, 640.0), (752.0, 643.0), (747.0, 646.0), (742.0, 649.0), (737.0, 652.0), (732.0, 655.0), (727.0, 658.0), (722.0, 661.0), (708.0, 667.0), (708.0, 667.0), (709.0, 667.0), (709.0, 671.0), (703.0, 674.0), (698.0, 677.0), (697.0, 678.0), (693.0, 680.0), (688.0, 683.0), (684.0, 686.0)];
5341; [1, 0, 1, 0, 1, 1, 1, 0, 1, 0, 1, 0, 1, 0, 1, 0, 1, 0, 1, 0]; 166; 9; 21; 16.5; [-4.75, 2.8333333333333335]; [(747.0, 646.0), (742.0, 649.0), (737.0, 652.0), (732.0, 655.0), (727.0, 658.0), (722.0, 661.0), (708.0, 667.0), (708.0, 667.0), (709.0, 667.0), (709.0, 671.0), (703.0, 674.0), (698.0, 677.0), (697.0, 678.0), (693.0, 680.0), (688.0, 683.0), (684.0, 686.0), (679.0, 689.0), (675.0, 691.0), (669.0, 695.0), (664.0, 698.0)];
5341; [0, 1, 0, 1, 1, 1, 0, 1, 0, 1, 0, 1, 0, 1, 0, 1, 0, 1, 0, 1]; 167; 10; 22; 16.5; [-4.75, 2.9166666666666665]; [(742.0, 649.0), (737.0, 652.0), (732.0, 655.0), (727.0, 658.0), (722.0, 661.0), (708.0, 667.0), (708.0, 667.0), (709.0, 667.0), (709.0, 671.0), (703.0, 674.0), (698.0, 677.0), (697.0, 678.0), (693.0, 680.0), (688.0, 683.0), (684.0, 686.0), (679.0, 689.0), (675.0, 691.0), (669.0, 695.0), (664.0, 698.0), (659.0, 702.0)];
5341; [1, 0, 1, 1, 1, 0, 1, 0, 1, 0, 1, 0, 1, 0, 1, 0, 1, 0, 1, 0]; 168; 9; 23; 16.5; [-4.75, 2.9166666666666665]; [(742.0, 649.0), (737.0, 652.0), (732.0, 655.0), (727.0, 658.0), (722.0, 661.0), (708.0, 667.0), (708.0, 667.0), (709.0, 667.0), (709.0, 671.0), (703.0, 674.0), (698.0, 677.0), (697.0, 678.0), (693.0, 680.0), (688.0, 683.0), (684.0, 686.0), (679.0, 689.0), (675.0, 691.0), (669.0, 695.0), (664.0, 698.0), (659.0, 702.0)];
5341; [0, 1, 1, 1, 0, 1, 0, 1, 0, 1, 0, 1, 0, 1, 0, 1, 0, 1, 0, 1]; 169; 10; 24; 16.5; [-4.75, 2.9166666666666665]; [(737.0, 652.0), (732.0, 655.0), (727.0, 658.0), (722.0, 661.0), (708.0, 667.0), (708.0, 667.0), (709.0, 667.0), (709.0, 671.0), (703.0, 674.0), (698.0, 677.0), (697.0, 678.0), (693.0, 680.0), (688.0, 683.0), (684.0, 686.0), (679.0, 689.0), (675.0, 691.0), (669.0, 695.0), (664.0, 698.0), (659.0, 702.0), (654.0, 705.0)];
5341; [1, 1, 1, 0, 1, 0, 1, 0, 1, 0, 1, 0, 1, 0, 1, 0, 1, 0, 1, 0]; 170; 9; 25; 16.5; [-4.75, 2.9166666666666665]; [(737.0, 652.0), (732.0, 655.0), (727.0, 658.0), (722.0, 661.0), (708.0, 667.0), (708.0, 667.0), (709.0, 667.0), (709.0, 671.0), (703.0, 674.0), (698.0, 677.0), (697.0, 678.0), (693.0, 680.0), (688.0, 683.0), (684.0, 686.0), (679.0, 689.0), (675.0, 691.0), (669.0, 695.0), (664.0, 698.0), (659.0, 702.0), (654.0, 705.0)];
5341; [1, 1, 0, 1, 0, 1, 0, 1, 0, 1, 0, 1, 0, 1, 0, 1, 0, 1, 0, 1]; 171; 10; 26; 16.5; [-4.75, 2.9166666666666665]; [(732.0, 655.0), (727.0, 658.0), (722.0, 661.0), (708.0, 667.0), (708.0, 667.0), (709.0, 667.0), (709.0, 671.0), (703.0, 674.0), (698.0, 677.0), (697.0, 678.0), (693.0, 680.0), (688.0, 683.0), (684.0, 686.0), (679.0, 689.0), (675.0, 691.0), (669.0, 695.0), (664.0, 698.0), (659.0, 702.0), (654.0, 705.0), (649.0, 708.0)];
5341; [1, 0, 1, 0, 1, 0, 1, 0, 1, 0, 1, 0, 1, 0, 1, 0, 1, 0, 1, 0]; 172; 9; 27; 15.0; [-4.75, 2.9166666666666665]; [(732.0, 655.0), (727.0, 658.0), (722.0, 661.0), (708.0, 667.0), (708.0, 667.0), (709.0, 667.0), (709.0, 671.0), (703.0, 674.0), (698.0, 677.0), (697.0, 678.0), (693.0, 680.0), (688.0, 683.0), (684.0, 686.0), (679.0, 689.0), (675.0, 691.0), (669.0, 695.0), (664.0, 698.0), (659.0, 702.0), (654.0, 705.0), (649.0, 708.0)];
5341; [0, 1, 0, 1, 0, 1, 0, 1, 0, 1, 0, 1, 0, 1, 0, 1, 0, 1, 0, 1]; 173; 10; 28; 15.0; [-4.75, 2.9166666666666665]; [(727.0, 658.0), (722.0, 661.0), (708.0, 667.0), (708.0, 667.0), (709.0, 667.0), (709.0, 671.0), (703.0, 674.0), (698.0, 677.0), (697.0, 678.0), (693.0, 680.0), (688.0, 683.0), (684.0, 686.0), (679.0, 689.0), (675.0, 691.0), (669.0, 695.0), (664.0, 698.0), (659.0, 702.0), (654.0, 705.0), (649.0, 708.0), (644.0, 711.0)];
5341; [1, 0, 1, 0, 1, 0, 1, 0, 1, 0, 1, 0, 1, 0, 1, 0, 1, 0, 1, 0]; 174; 9; 29; 15.0; [-4.75, 2.9166666666666665]; [(727.0, 658.0), (722.0, 661.0), (708.0, 667.0), (708.0, 667.0), (709.0, 667.0), (709.0, 671.0), (703.0, 674.0), (698.0, 677.0), (697.0, 678.0), (693.0, 680.0), (688.0, 683.0), (684.0, 686.0), (679.0, 689.0), (675.0, 691.0), (669.0, 695.0), (664.0, 698.0), (659.0, 702.0), (654.0, 705.0), (649.0, 708.0), (644.0, 711.0)];
5341; [0, 1, 0, 1, 0, 1, 0, 1, 0, 1, 0, 1, 0, 1, 0, 1, 0, 1, 0, 1]; 175; 10; 30; 15.0; [-4.75, 2.9166666666666665]; [(722.0, 661.0), (708.0, 667.0), (708.0, 667.0), (709.0, 667.0), (709.0, 671.0), (703.0, 674.0), (698.0, 677.0), (697.0, 678.0), (693.0, 680.0), (688.0, 683.0), (684.0, 686.0), (679.0, 689.0), (675.0, 691.0), (669.0, 695.0), (664.0, 698.0), (659.0, 702.0), (654.0, 705.0), (649.0, 708.0), (644.0, 711.0), (639.0, 714.0)];
5341; [1, 0, 1, 0, 1, 0, 1, 0, 1, 0, 1, 0, 1, 0, 1, 0, 1, 0, 1, 0]; 176; 9; 31; 15.0; [-4.75, 2.9166666666666665]; [(722.0, 661.0), (708.0, 667.0), (708.0, 667.0), (709.0, 667.0), (709.0, 671.0), (703.0, 674.0), (698.0, 677.0), (697.0, 678.0), (693.0, 680.0), (688.0, 683.0), (684.0, 686.0), (679.0, 689.0), (675.0, 691.0), (669.0, 695.0), (664.0, 698.0), (659.0, 702.0), (654.0, 705.0), (649.0, 708.0), (644.0, 711.0), (639.0, 714.0)];
5341; [0, 1, 0, 1, 0, 1, 0, 1, 0, 1, 0, 1, 0, 1, 0, 1, 0, 1, 0, 1]; 177; 10; 32; 15.0; [-4.666666666666667, 2.9166666666666665]; [(708.0, 667.0), (708.0, 667.0), (709.0, 667.0), (709.0, 671.0), (703.0, 674.0), (698.0, 677.0), (697.0, 678.0), (693.0, 680.0), (688.0, 683.0), (684.0, 686.0), (679.0, 689.0), (675.0, 691.0), (669.0, 695.0), (664.0, 698.0), (659.0, 702.0), (654.0, 705.0), (649.0, 708.0), (644.0, 711.0), (639.0, 714.0), (635.0, 718.0)];
5341; [1, 0, 1, 0, 1, 0, 1, 0, 1, 0, 1, 0, 1, 0, 1, 0, 1, 0, 1, 0]; 178; 9; 33; 15.0; [-4.666666666666667, 2.9166666666666665]; [(708.0, 667.0), (708.0, 667.0), (709.0, 667.0), (709.0, 671.0), (703.0, 674.0), (698.0, 677.0), (697.0, 678.0), (693.0, 680.0), (688.0, 683.0), (684.0, 686.0), (679.0, 689.0), (675.0, 691.0), (669.0, 695.0), (664.0, 698.0), (659.0, 702.0), (654.0, 705.0), (649.0, 708.0), (644.0, 711.0), (639.0, 714.0), (635.0, 718.0)];
5341; [0, 1, 0, 1, 0, 1, 0, 1, 0, 1, 0, 1, 0, 1, 0, 1, 0, 1, 0, 1]; 179; 10; 34; 15.0; [-4.6923076923076925, 3.0]; [(708.0, 667.0), (709.0, 667.0), (709.0, 671.0), (703.0, 674.0), (698.0, 677.0), (697.0, 678.0), (693.0, 680.0), (688.0, 683.0), (684.0, 686.0), (679.0, 689.0), (675.0, 691.0), (669.0, 695.0), (664.0, 698.0), (659.0, 702.0), (654.0, 705.0), (649.0, 708.0), (644.0, 711.0), (639.0, 714.0), (635.0, 718.0), (629.0, 720.0)];
5341; [1, 0, 1, 0, 1, 0, 1, 0, 1, 0, 1, 0, 1, 0, 1, 0, 1, 0, 1, 0]; 180; 9; 35; 15.0; [-4.6923076923076925, 3.0]; [(708.0, 667.0), (709.0, 667.0), (709.0, 671.0), (703.0, 674.0), (698.0, 677.0), (697.0, 678.0), (693.0, 680.0), (688.0, 683.0), (684.0, 686.0), (679.0, 689.0), (675.0, 691.0), (669.0, 695.0), (664.0, 698.0), (659.0, 702.0), (654.0, 705.0), (649.0, 708.0), (644.0, 711.0), (639.0, 714.0), (635.0, 718.0), (629.0, 720.0)];
5341; [0, 1, 0, 1, 0, 1, 0, 1, 0, 1, 0, 1, 0, 1, 0, 1, 0, 1, 0, 1]; 181; 10; 36; 15.0; [-4.642857142857143, 3.0714285714285716]; [(709.0, 667.0), (709.0, 671.0), (703.0, 674.0), (698.0, 677.0), (697.0, 678.0), (693.0, 680.0), (688.0, 683.0), (684.0, 686.0), (679.0, 689.0), (675.0, 691.0), (669.0, 695.0), (664.0, 698.0), (659.0, 702.0), (654.0, 705.0), (649.0, 708.0), (644.0, 711.0), (639.0, 714.0), (635.0, 718.0), (629.0, 720.0), (625.0, 724.0)];
5341; [1, 0, 1, 0, 1, 0, 1, 0, 1, 0, 1, 0, 1, 0, 1, 0, 1, 0, 1, 0]; 182; 9; 37; 15.0; [-4.642857142857143, 3.0714285714285716]; [(709.0, 667.0), (709.0, 671.0), (703.0, 674.0), (698.0, 677.0), (697.0, 678.0), (693.0, 680.0), (688.0, 683.0), (684.0, 686.0), (679.0, 689.0), (675.0, 691.0), (669.0, 695.0), (664.0, 698.0), (659.0, 702.0), (654.0, 705.0), (649.0, 708.0), (644.0, 711.0), (639.0, 714.0), (635.0, 718.0), (629.0, 720.0), (625.0, 724.0)];
5341; [0, 1, 0, 1, 0, 1, 0, 1, 0, 1, 0, 1, 0, 1, 0, 1, 0, 1, 0, 1]; 183; 10; 38; 15.0; [-4.75, 3.0625]; [(709.0, 671.0), (703.0, 674.0), (698.0, 677.0), (697.0, 678.0), (693.0, 680.0), (688.0, 683.0), (684.0, 686.0), (679.0, 689.0), (675.0, 691.0), (669.0, 695.0), (664.0, 698.0), (659.0, 702.0), (654.0, 705.0), (649.0, 708.0), (644.0, 711.0), (639.0, 714.0), (635.0, 718.0), (629.0, 720.0), (625.0, 724.0), (620.0, 727.0)];
5341; [1, 0, 1, 0, 1, 0, 1, 0, 1, 0, 1, 0, 1, 0, 1, 0, 1, 0, 1, 0]; 184; 9; 39; 15.0; [-4.75, 3.0625]; [(709.0, 671.0), (703.0, 674.0), (698.0, 677.0), (697.0, 678.0), (693.0, 680.0), (688.0, 683.0), (684.0, 686.0), (679.0, 689.0), (675.0, 691.0), (669.0, 695.0), (664.0, 698.0), (659.0, 702.0), (654.0, 705.0), (649.0, 708.0), (644.0, 711.0), (639.0, 714.0), (635.0, 718.0), (629.0, 720.0), (625.0, 724.0), (620.0, 727.0)];
5341; [0, 1, 0, 1, 0, 1, 0, 1, 0, 1, 0, 1, 0, 1, 0, 1, 0, 1, 0, 1]; 185; 10; 40; 15.0; [-4.6875, 3.0625]; [(703.0, 674.0), (698.0, 677.0), (697.0, 678.0), (693.0, 680.0), (688.0, 683.0), (684.0, 686.0), (679.0, 689.0), (675.0, 691.0), (669.0, 695.0), (664.0, 698.0), (659.0, 702.0), (654.0, 705.0), (649.0, 708.0), (644.0, 711.0), (639.0, 714.0), (635.0, 718.0), (629.0, 720.0), (625.0, 724.0), (620.0, 727.0), (615.0, 730.0)];
5341; [1, 0, 1, 0, 1, 0, 1, 0, 1, 0, 1, 0, 1, 0, 1, 0, 1, 0, 1, 0]; 186; 9; 41; 15.0; [-4.6875, 3.0625]; [(703.0, 674.0), (698.0, 677.0), (697.0, 678.0), (693.0, 680.0), (688.0, 683.0), (684.0, 686.0), (679.0, 689.0), (675.0, 691.0), (669.0, 695.0), (664.0, 698.0), (659.0, 702.0), (654.0, 705.0), (649.0, 708.0), (644.0, 711.0), (639.0, 714.0), (635.0, 718.0), (629.0, 720.0), (625.0, 724.0), (620.0, 727.0), (615.0, 730.0)];
5341; [0, 1, 0, 1, 0, 1, 0, 1, 0, 1, 0, 1, 0, 1, 0, 1, 0, 1, 0, 1]; 187; 10; 42; 15.0; [-4.6875, 3.0625]; [(698.0, 677.0), (697.0, 678.0), (693.0, 680.0), (688.0, 683.0), (684.0, 686.0), (679.0, 689.0), (675.0, 691.0), (669.0, 695.0), (664.0, 698.0), (659.0, 702.0), (654.0, 705.0), (649.0, 708.0), (644.0, 711.0), (639.0, 714.0), (635.0, 718.0), (629.0, 720.0), (625.0, 724.0), (620.0, 727.0), (615.0, 730.0), (610.0, 733.0)];
5341; [1, 0, 1, 0, 1, 0, 1, 0, 1, 0, 1, 0, 1, 0, 1, 0, 1, 0, 1, 0]; 188; 9; 43; 15.0; [-4.6875, 3.0625]; [(698.0, 677.0), (697.0, 678.0), (693.0, 680.0), (688.0, 683.0), (684.0, 686.0), (679.0, 689.0), (675.0, 691.0), (669.0, 695.0), (664.0, 698.0), (659.0, 702.0), (654.0, 705.0), (649.0, 708.0), (644.0, 711.0), (639.0, 714.0), (635.0, 718.0), (629.0, 720.0), (625.0, 724.0), (620.0, 727.0), (615.0, 730.0), (610.0, 733.0)];
5341; [0, 1, 0, 1, 0, 1, 0, 1, 0, 1, 0, 1, 0, 1, 0, 1, 0, 1, 0, 1]; 189; 10; 44; 15.0; [-4.6875, 3.0625]; [(697.0, 678.0), (693.0, 680.0), (688.0, 683.0), (684.0, 686.0), (679.0, 689.0), (675.0, 691.0), (669.0, 695.0), (664.0, 698.0), (659.0, 702.0), (654.0, 705.0), (649.0, 708.0), (644.0, 711.0), (639.0, 714.0), (635.0, 718.0), (629.0, 720.0), (625.0, 724.0), (620.0, 727.0), (615.0, 730.0), (610.0, 733.0), (607.0, 735.0)];
5341; [1, 0, 1, 0, 1, 0, 1, 0, 1, 0, 1, 0, 1, 0, 1, 0, 1, 0, 1, 0]; 190; 9; 45; 15.0; [-4.6875, 3.0625]; [(697.0, 678.0), (693.0, 680.0), (688.0, 683.0), (684.0, 686.0), (679.0, 689.0), (675.0, 691.0), (669.0, 695.0), (664.0, 698.0), (659.0, 702.0), (654.0, 705.0), (649.0, 708.0), (644.0, 711.0), (639.0, 714.0), (635.0, 718.0), (629.0, 720.0), (625.0, 724.0), (620.0, 727.0), (615.0, 730.0), (610.0, 733.0), (607.0, 735.0)];
5341; [0, 1, 0, 1, 0, 1, 0, 1, 0, 1, 0, 1, 0, 1, 0, 1, 0, 1, 0, 1]; 191; 10; 46; 15.0; [-4.75, 3.0625]; [(693.0, 680.0), (688.0, 683.0), (684.0, 686.0), (679.0, 689.0), (675.0, 691.0), (669.0, 695.0), (664.0, 698.0), (659.0, 702.0), (654.0, 705.0), (649.0, 708.0), (644.0, 711.0), (639.0, 714.0), (635.0, 718.0), (629.0, 720.0), (625.0, 724.0), (620.0, 727.0), (615.0, 730.0), (610.0, 733.0), (607.0, 735.0), (602.0, 737.0)];
5341; [1, 0, 1, 0, 1, 0, 1, 0, 1, 0, 1, 0, 1, 0, 1, 0, 1, 0, 1, 0]; 192; 9; 47; 15.0; [-4.75, 3.0625]; [(693.0, 680.0), (688.0, 683.0), (684.0, 686.0), (679.0, 689.0), (675.0, 691.0), (669.0, 695.0), (664.0, 698.0), (659.0, 702.0), (654.0, 705.0), (649.0, 708.0), (644.0, 711.0), (639.0, 714.0), (635.0, 718.0), (629.0, 720.0), (625.0, 724.0), (620.0, 727.0), (615.0, 730.0), (610.0, 733.0), (607.0, 735.0), (602.0, 737.0)];
5341; [0, 1, 0, 1, 0, 1, 0, 1, 0, 1, 0, 1, 0, 1, 0, 1, 0, 1, 0, 1]; 193; 10; 48; 15.0; [-4.6875, 3.125]; [(688.0, 683.0), (684.0, 686.0), (679.0, 689.0), (675.0, 691.0), (669.0, 695.0), (664.0, 698.0), (659.0, 702.0), (654.0, 705.0), (649.0, 708.0), (644.0, 711.0), (639.0, 714.0), (635.0, 718.0), (629.0, 720.0), (625.0, 724.0), (620.0, 727.0), (615.0, 730.0), (610.0, 733.0), (607.0, 735.0), (602.0, 737.0), (598.0, 741.0)];
5341; [1, 0, 1, 0, 1, 0, 1, 0, 1, 0, 1, 0, 1, 0, 1, 0, 1, 0, 1, 0]; 194; 9; 49; 15.0; [-4.6875, 3.125]; [(688.0, 683.0), (684.0, 686.0), (679.0, 689.0), (675.0, 691.0), (669.0, 695.0), (664.0, 698.0), (659.0, 702.0), (654.0, 705.0), (649.0, 708.0), (644.0, 711.0), (639.0, 714.0), (635.0, 718.0), (629.0, 720.0), (625.0, 724.0), (620.0, 727.0), (615.0, 730.0), (610.0, 733.0), (607.0, 735.0), (602.0, 737.0), (598.0, 741.0)];
5341; [0, 1, 0, 1, 0, 1, 0, 1, 0, 1, 0, 1, 0, 1, 0, 1, 0, 1, 0, 1]; 195; 10; 50; 15.0; [-4.733333333333333, 3.1333333333333333]; [(684.0, 686.0), (679.0, 689.0), (675.0, 691.0), (669.0, 695.0), (664.0, 698.0), (659.0, 702.0), (654.0, 705.0), (649.0, 708.0), (644.0, 711.0), (639.0, 714.0), (635.0, 718.0), (629.0, 720.0), (625.0, 724.0), (620.0, 727.0), (615.0, 730.0), (610.0, 733.0), (607.0, 735.0), (602.0, 737.0), (598.0, 741.0), (592.0, 743.0)];
5341; [1, 0, 1, 0, 1, 0, 1, 0, 1, 0, 1, 0, 1, 0, 1, 0, 1, 0, 1, 0]; 196; 9; 51; 15.0; [-4.733333333333333, 3.1333333333333333]; [(684.0, 686.0), (679.0, 689.0), (675.0, 691.0), (669.0, 695.0), (664.0, 698.0), (659.0, 702.0), (654.0, 705.0), (649.0, 708.0), (644.0, 711.0), (639.0, 714.0), (635.0, 718.0), (629.0, 720.0), (625.0, 724.0), (620.0, 727.0), (615.0, 730.0), (610.0, 733.0), (607.0, 735.0), (602.0, 737.0), (598.0, 741.0), (592.0, 743.0)];
5341; [0, 1, 0, 1, 0, 1, 0, 1, 0, 1, 0, 1, 0, 1, 0, 1, 0, 1, 0, 1]; 197; 10; 52; 15.0; [-4.666666666666667, 3.2]; [(679.0, 689.0), (675.0, 691.0), (669.0, 695.0), (664.0, 698.0), (659.0, 702.0), (654.0, 705.0), (649.0, 708.0), (644.0, 711.0), (639.0, 714.0), (635.0, 718.0), (629.0, 720.0), (625.0, 724.0), (620.0, 727.0), (615.0, 730.0), (610.0, 733.0), (607.0, 735.0), (602.0, 737.0), (598.0, 741.0), (592.0, 743.0), (588.0, 747.0)];
5341; [1, 0, 1, 0, 1, 0, 1, 0, 1, 0, 1, 0, 1, 0, 1, 0, 1, 0, 1, 0]; 198; 9; 53; 15.0; [-4.666666666666667, 3.2]; [(679.0, 689.0), (675.0, 691.0), (669.0, 695.0), (664.0, 698.0), (659.0, 702.0), (654.0, 705.0), (649.0, 708.0), (644.0, 711.0), (639.0, 714.0), (635.0, 718.0), (629.0, 720.0), (625.0, 724.0), (620.0, 727.0), (615.0, 730.0), (610.0, 733.0), (607.0, 735.0), (602.0, 737.0), (598.0, 741.0), (592.0, 743.0), (588.0, 747.0)];
5341; [0, 1, 0, 1, 0, 1, 0, 1, 0, 1, 0, 1, 0, 1, 0, 1, 0, 1, 0, 1]; 199; 10; 54; 15.0; [-4.8125, 3.3125]; [(675.0, 691.0), (669.0, 695.0), (664.0, 698.0), (659.0, 702.0), (654.0, 705.0), (649.0, 708.0), (644.0, 711.0), (639.0, 714.0), (635.0, 718.0), (629.0, 720.0), (625.0, 724.0), (620.0, 727.0), (615.0, 730.0), (610.0, 733.0), (607.0, 735.0), (602.0, 737.0), (598.0, 741.0), (592.0, 743.0), (588.0, 747.0), (583.0, 750.0)];
5341; [1, 0, 1, 0, 1, 0, 1, 0, 1, 0, 1, 0, 1, 0, 1, 0, 1, 0, 1, 0]; 200; 9; 55; 15.0; [-4.8125, 3.3125]; [(675.0, 691.0), (669.0, 695.0), (664.0, 698.0), (659.0, 702.0), (654.0, 705.0), (649.0, 708.0), (644.0, 711.0), (639.0, 714.0), (635.0, 718.0), (629.0, 720.0), (625.0, 724.0), (620.0, 727.0), (615.0, 730.0), (610.0, 733.0), (607.0, 735.0), (602.0, 737.0), (598.0, 741.0), (592.0, 743.0), (588.0, 747.0), (583.0, 750.0)];
5341; [0, 1, 0, 1, 0, 1, 0, 1, 0, 1, 0, 1, 0, 1, 0, 1, 0, 1, 0, 1]; 201; 10; 56; 15.0; [-4.75, 3.25]; [(669.0, 695.0), (664.0, 698.0), (659.0, 702.0), (654.0, 705.0), (649.0, 708.0), (644.0, 711.0), (639.0, 714.0), (635.0, 718.0), (629.0, 720.0), (625.0, 724.0), (620.0, 727.0), (615.0, 730.0), (610.0, 733.0), (607.0, 735.0), (602.0, 737.0), (598.0, 741.0), (592.0, 743.0), (588.0, 747.0), (583.0, 750.0), (578.0, 753.0)];
5341; [1, 0, 1, 0, 1, 0, 1, 0, 1, 0, 1, 0, 1, 0, 1, 0, 1, 0, 1, 0]; 202; 9; 57; 15.0; [-4.75, 3.25]; [(669.0, 695.0), (664.0, 698.0), (659.0, 702.0), (654.0, 705.0), (649.0, 708.0), (644.0, 711.0), (639.0, 714.0), (635.0, 718.0), (629.0, 720.0), (625.0, 724.0), (620.0, 727.0), (615.0, 730.0), (610.0, 733.0), (607.0, 735.0), (602.0, 737.0), (598.0, 741.0), (592.0, 743.0), (588.0, 747.0), (583.0, 750.0), (578.0, 753.0)];
5341; [0, 1, 0, 1, 0, 1, 0, 1, 0, 1, 0, 1, 0, 1, 0, 1, 0, 1, 0, 1]; 203; 10; 58; 15.0; [-4.75, 3.25]; [(664.0, 698.0), (659.0, 702.0), (654.0, 705.0), (649.0, 708.0), (644.0, 711.0), (639.0, 714.0), (635.0, 718.0), (629.0, 720.0), (625.0, 724.0), (620.0, 727.0), (615.0, 730.0), (610.0, 733.0), (607.0, 735.0), (602.0, 737.0), (598.0, 741.0), (592.0, 743.0), (588.0, 747.0), (583.0, 750.0), (578.0, 753.0), (573.0, 756.0)];
5341; [1, 0, 1, 0, 1, 0, 1, 0, 1, 0, 1, 0, 1, 0, 1, 0, 1, 0, 1, 0]; 204; 9; 59; 15.0; [-4.75, 3.25]; [(664.0, 698.0), (659.0, 702.0), (654.0, 705.0), (649.0, 708.0), (644.0, 711.0), (639.0, 714.0), (635.0, 718.0), (629.0, 720.0), (625.0, 724.0), (620.0, 727.0), (615.0, 730.0), (610.0, 733.0), (607.0, 735.0), (602.0, 737.0), (598.0, 741.0), (592.0, 743.0), (588.0, 747.0), (583.0, 750.0), (578.0, 753.0), (573.0, 756.0)];
5341; [0, 1, 0, 1, 0, 1, 0, 1, 0, 1, 0, 1, 0, 1, 0, 1, 0, 1, 0, 1]; 205; 10; 60; 15.0; [-4.75, 3.25]; [(659.0, 702.0), (654.0, 705.0), (649.0, 708.0), (644.0, 711.0), (639.0, 714.0), (635.0, 718.0), (629.0, 720.0), (625.0, 724.0), (620.0, 727.0), (615.0, 730.0), (610.0, 733.0), (607.0, 735.0), (602.0, 737.0), (598.0, 741.0), (592.0, 743.0), (588.0, 747.0), (583.0, 750.0), (578.0, 753.0), (573.0, 756.0), (568.0, 760.0)];
5341; [1, 0, 1, 0, 1, 0, 1, 0, 1, 0, 1, 0, 1, 0, 1, 0, 1, 0, 1, 0]; 206; 9; 61; 15.0; [-4.75, 3.25]; [(659.0, 702.0), (654.0, 705.0), (649.0, 708.0), (644.0, 711.0), (639.0, 714.0), (635.0, 718.0), (629.0, 720.0), (625.0, 724.0), (620.0, 727.0), (615.0, 730.0), (610.0, 733.0), (607.0, 735.0), (602.0, 737.0), (598.0, 741.0), (592.0, 743.0), (588.0, 747.0), (583.0, 750.0), (578.0, 753.0), (573.0, 756.0), (568.0, 760.0)];
5341; [0, 1, 0, 1, 0, 1, 0, 1, 0, 1, 0, 1, 0, 1, 0, 1, 0, 1, 0, 1]; 207; 10; 62; 15.0; [-4.75, 3.25]; [(654.0, 705.0), (649.0, 708.0), (644.0, 711.0), (639.0, 714.0), (635.0, 718.0), (629.0, 720.0), (625.0, 724.0), (620.0, 727.0), (615.0, 730.0), (610.0, 733.0), (607.0, 735.0), (602.0, 737.0), (598.0, 741.0), (592.0, 743.0), (588.0, 747.0), (583.0, 750.0), (578.0, 753.0), (573.0, 756.0), (568.0, 760.0), (563.0, 763.0)];
5341; [1, 0, 1, 0, 1, 0, 1, 0, 1, 0, 1, 0, 1, 0, 1, 0, 1, 0, 1, 0]; 208; 9; 63; 15.0; [-4.75, 3.25]; [(654.0, 705.0), (649.0, 708.0), (644.0, 711.0), (639.0, 714.0), (635.0, 718.0), (629.0, 720.0), (625.0, 724.0), (620.0, 727.0), (615.0, 730.0), (610.0, 733.0), (607.0, 735.0), (602.0, 737.0), (598.0, 741.0), (592.0, 743.0), (588.0, 747.0), (583.0, 750.0), (578.0, 753.0), (573.0, 756.0), (568.0, 760.0), (563.0, 763.0)];
5341; [0, 1, 0, 1, 0, 1, 0, 1, 0, 1, 0, 1, 0, 1, 0, 1, 0, 1, 0, 1]; 209; 10; 64; 15.0; [-4.6875, 3.25]; [(649.0, 708.0), (644.0, 711.0), (639.0, 714.0), (635.0, 718.0), (629.0, 720.0), (625.0, 724.0), (620.0, 727.0), (615.0, 730.0), (610.0, 733.0), (607.0, 735.0), (602.0, 737.0), (598.0, 741.0), (592.0, 743.0), (588.0, 747.0), (583.0, 750.0), (578.0, 753.0), (573.0, 756.0), (568.0, 760.0), (563.0, 763.0), (559.0, 766.0)];
5341; [1, 0, 1, 0, 1, 0, 1, 0, 1, 0, 1, 0, 1, 0, 1, 0, 1, 0, 1, 0]; 210; 9; 65; 15.0; [-4.6875, 3.25]; [(649.0, 708.0), (644.0, 711.0), (639.0, 714.0), (635.0, 718.0), (629.0, 720.0), (625.0, 724.0), (620.0, 727.0), (615.0, 730.0), (610.0, 733.0), (607.0, 735.0), (602.0, 737.0), (598.0, 741.0), (592.0, 743.0), (588.0, 747.0), (583.0, 750.0), (578.0, 753.0), (573.0, 756.0), (568.0, 760.0), (563.0, 763.0), (559.0, 766.0)];
5341; [0, 1, 0, 1, 0, 1, 0, 1, 0, 1, 0, 1, 0, 1, 0, 1, 0, 1, 0, 1]; 211; 10; 66; 15.0; [-4.6875, 3.3125]; [(644.0, 711.0), (639.0, 714.0), (635.0, 718.0), (629.0, 720.0), (625.0, 724.0), (620.0, 727.0), (615.0, 730.0), (610.0, 733.0), (607.0, 735.0), (602.0, 737.0), (598.0, 741.0), (592.0, 743.0), (588.0, 747.0), (583.0, 750.0), (578.0, 753.0), (573.0, 756.0), (568.0, 760.0), (563.0, 763.0), (559.0, 766.0), (554.0, 770.0)];
5341; [1, 0, 1, 0, 1, 0, 1, 0, 1, 0, 1, 0, 1, 0, 1, 0, 1, 0, 1, 0]; 212; 9; 67; 15.0; [-4.6875, 3.3125]; [(644.0, 711.0), (639.0, 714.0), (635.0, 718.0), (629.0, 720.0), (625.0, 724.0), (620.0, 727.0), (615.0, 730.0), (610.0, 733.0), (607.0, 735.0), (602.0, 737.0), (598.0, 741.0), (592.0, 743.0), (588.0, 747.0), (583.0, 750.0), (578.0, 753.0), (573.0, 756.0), (568.0, 760.0), (563.0, 763.0), (559.0, 766.0), (554.0, 770.0)];
5341; [0, 1, 0, 1, 0, 1, 0, 1, 0, 1, 0, 1, 0, 1, 0, 1, 0, 1, 0, 1]; 213; 10; 68; 15.0; [-4.666666666666667, 3.3333333333333335]; [(639.0, 714.0), (635.0, 718.0), (629.0, 720.0), (625.0, 724.0), (620.0, 727.0), (615.0, 730.0), (610.0, 733.0), (607.0, 735.0), (602.0, 737.0), (598.0, 741.0), (592.0, 743.0), (588.0, 747.0), (583.0, 750.0), (578.0, 753.0), (573.0, 756.0), (568.0, 760.0), (563.0, 763.0), (559.0, 766.0), (554.0, 770.0), (548.0, 772.0)];
5341; [1, 0, 1, 0, 1, 0, 1, 0, 1, 0, 1, 0, 1, 0, 1, 0, 1, 0, 1, 0]; 214; 9; 69; 15.0; [-4.666666666666667, 3.3333333333333335]; [(639.0, 714.0), (635.0, 718.0), (629.0, 720.0), (625.0, 724.0), (620.0, 727.0), (615.0, 730.0), (610.0, 733.0), (607.0, 735.0), (602.0, 737.0), (598.0, 741.0), (592.0, 743.0), (588.0, 747.0), (583.0, 750.0), (578.0, 753.0), (573.0, 756.0), (568.0, 760.0), (563.0, 763.0), (559.0, 766.0), (554.0, 770.0), (548.0, 772.0)];
5341; [0, 1, 0, 1, 0, 1, 0, 1, 0, 1, 0, 1, 0, 1, 0, 1, 0, 1, 0, 1]; 215; 10; 70; 15.0; [-4.733333333333333, 3.2666666666666666]; [(635.0, 718.0), (629.0, 720.0), (625.0, 724.0), (620.0, 727.0), (615.0, 730.0), (610.0, 733.0), (607.0, 735.0), (602.0, 737.0), (598.0, 741.0), (592.0, 743.0), (588.0, 747.0), (583.0, 750.0), (578.0, 753.0), (573.0, 756.0), (568.0, 760.0), (563.0, 763.0), (559.0, 766.0), (554.0, 770.0), (548.0, 772.0), (543.0, 775.0)];
5341; [1, 0, 1, 0, 1, 0, 1, 0, 1, 0, 1, 0, 1, 0, 1, 0, 1, 0, 1, 1]; 216; 10; 71; 16.5; [-4.733333333333333, 3.2666666666666666]; [(629.0, 720.0), (625.0, 724.0), (620.0, 727.0), (615.0, 730.0), (610.0, 733.0), (607.0, 735.0), (602.0, 737.0), (598.0, 741.0), (592.0, 743.0), (588.0, 747.0), (583.0, 750.0), (578.0, 753.0), (573.0, 756.0), (568.0, 760.0), (563.0, 763.0), (559.0, 766.0), (554.0, 770.0), (548.0, 772.0), (543.0, 775.0), (543.0, 774.0)];
5341; [0, 1, 0, 1, 0, 1, 0, 1, 0, 1, 0, 1, 0, 1, 0, 1, 0, 1, 1, 1]; 217; 10; 72; 16.5; [-4.9375, 3.0625]; [(625.0, 724.0), (620.0, 727.0), (615.0, 730.0), (610.0, 733.0), (607.0, 735.0), (602.0, 737.0), (598.0, 741.0), (592.0, 743.0), (588.0, 747.0), (583.0, 750.0), (578.0, 753.0), (573.0, 756.0), (568.0, 760.0), (563.0, 763.0), (559.0, 766.0), (554.0, 770.0), (548.0, 772.0), (543.0, 775.0), (543.0, 774.0), (533.0, 778.0)];
5341; [1, 0, 1, 0, 1, 0, 1, 0, 1, 0, 1, 0, 1, 0, 1, 0, 1, 1, 1, 0]; 218; 9; 73; 16.5; [-4.9375, 3.0625]; [(625.0, 724.0), (620.0, 727.0), (615.0, 730.0), (610.0, 733.0), (607.0, 735.0), (602.0, 737.0), (598.0, 741.0), (592.0, 743.0), (588.0, 747.0), (583.0, 750.0), (578.0, 753.0), (573.0, 756.0), (568.0, 760.0), (563.0, 763.0), (559.0, 766.0), (554.0, 770.0), (548.0, 772.0), (543.0, 775.0), (543.0, 774.0), (533.0, 778.0)];
5341; [0, 1, 0, 1, 0, 1, 0, 1, 0, 1, 0, 1, 0, 1, 0, 1, 1, 1, 0, 0]; 219; 8; 74; 15.0; [-4.9375, 3.0625]; [(625.0, 724.0), (620.0, 727.0), (615.0, 730.0), (610.0, 733.0), (607.0, 735.0), (602.0, 737.0), (598.0, 741.0), (592.0, 743.0), (588.0, 747.0), (583.0, 750.0), (578.0, 753.0), (573.0, 756.0), (568.0, 760.0), (563.0, 763.0), (559.0, 766.0), (554.0, 770.0), (548.0, 772.0), (543.0, 775.0), (543.0, 774.0), (533.0, 778.0)];
5341; [1, 0, 1, 0, 1, 0, 1, 0, 1, 0, 1, 0, 1, 0, 1, 1, 1, 0, 0, 0]; 220; 7; 75; 15.0; [-4.9375, 3.0625]; [(625.0, 724.0), (620.0, 727.0), (615.0, 730.0), (610.0, 733.0), (607.0, 735.0), (602.0, 737.0), (598.0, 741.0), (592.0, 743.0), (588.0, 747.0), (583.0, 750.0), (578.0, 753.0), (573.0, 756.0), (568.0, 760.0), (563.0, 763.0), (559.0, 766.0), (554.0, 770.0), (548.0, 772.0), (543.0, 775.0), (543.0, 774.0), (533.0, 778.0)];
5341; [0, 1, 0, 1, 0, 1, 0, 1, 0, 1, 0, 1, 0, 1, 1, 1, 0, 0, 0, 1]; 221; 10; 76; 15.0; [-4.769230769230769, 3.230769230769231]; [(620.0, 727.0), (615.0, 730.0), (610.0, 733.0), (607.0, 735.0), (602.0, 737.0), (598.0, 741.0), (592.0, 743.0), (588.0, 747.0), (583.0, 750.0), (578.0, 753.0), (573.0, 756.0), (568.0, 760.0), (563.0, 763.0), (559.0, 766.0), (554.0, 770.0), (548.0, 772.0), (543.0, 775.0), (543.0, 774.0), (533.0, 778.0), (529.0, 785.0)];
5341; [1, 0, 1, 0, 1, 0, 1, 0, 1, 0, 1, 0, 1, 1, 1, 0, 0, 0, 1, 1]; 222; 10; 77; 16.5; [-4.75, 3.25]; [(615.0, 730.0), (610.0, 733.0), (607.0, 735.0), (602.0, 737.0), (598.0, 741.0), (592.0, 743.0), (588.0, 747.0), (583.0, 750.0), (578.0, 753.0), (573.0, 756.0), (568.0, 760.0), (563.0, 763.0), (559.0, 766.0), (554.0, 770.0), (548.0, 772.0), (543.0, 775.0), (543.0, 774.0), (533.0, 778.0), (529.0, 785.0), (528.0, 786.0)];
5341; [0, 1, 0, 1, 0, 1, 0, 1, 0, 1, 0, 1, 1, 1, 0, 0, 0, 1, 1, 1]; 223; 10; 78; 16.5; [-4.666666666666667, 3.25]; [(610.0, 733.0), (607.0, 735.0), (602.0, 737.0), (598.0, 741.0), (592.0, 743.0), (588.0, 747.0), (583.0, 750.0), (578.0, 753.0), (573.0, 756.0), (568.0, 760.0), (563.0, 763.0), (559.0, 766.0), (554.0, 770.0), (548.0, 772.0), (543.0, 775.0), (543.0, 774.0), (533.0, 778.0), (529.0, 785.0), (528.0, 786.0), (524.0, 789.0)];
5341; [1, 0, 1, 0, 1, 0, 1, 0, 1, 0, 1, 1, 1, 0, 0, 0, 1, 1, 1, 0]; 224; 9; 79; 16.5; [-4.666666666666667, 3.25]; [(610.0, 733.0), (607.0, 735.0), (602.0, 737.0), (598.0, 741.0), (592.0, 743.0), (588.0, 747.0), (583.0, 750.0), (578.0, 753.0), (573.0, 756.0), (568.0, 760.0), (563.0, 763.0), (559.0, 766.0), (554.0, 770.0), (548.0, 772.0), (543.0, 775.0), (543.0, 774.0), (533.0, 778.0), (529.0, 785.0), (528.0, 786.0), (524.0, 789.0)];
5341; [0, 1, 0, 1, 0, 1, 0, 1, 0, 1, 1, 1, 0, 0, 0, 1, 1, 1, 0, 1]; 225; 10; 80; 16.5; [-4.6923076923076925, 3.230769230769231]; [(607.0, 735.0), (602.0, 737.0), (598.0, 741.0), (592.0, 743.0), (588.0, 747.0), (583.0, 750.0), (578.0, 753.0), (573.0, 756.0), (568.0, 760.0), (563.0, 763.0), (559.0, 766.0), (554.0, 770.0), (548.0, 772.0), (543.0, 775.0), (543.0, 774.0), (533.0, 778.0), (529.0, 785.0), (528.0, 786.0), (524.0, 789.0), (519.0, 792.0)];
5341; [1, 0, 1, 0, 1, 0, 1, 0, 1, 1, 1, 0, 0, 0, 1, 1, 1, 0, 1, 0]; 226; 9; 81; 16.5; [-4.6923076923076925, 3.230769230769231]; [(607.0, 735.0), (602.0, 737.0), (598.0, 741.0), (592.0, 743.0), (588.0, 747.0), (583.0, 750.0), (578.0, 753.0), (573.0, 756.0), (568.0, 760.0), (563.0, 763.0), (559.0, 766.0), (554.0, 770.0), (548.0, 772.0), (543.0, 775.0), (543.0, 774.0), (533.0, 778.0), (529.0, 785.0), (528.0, 786.0), (524.0, 789.0), (519.0, 792.0)];
5341; [0, 1, 0, 1, 0, 1, 0, 1, 1, 1, 0, 0, 0, 1, 1, 1, 0, 1, 0, 1]; 227; 10; 82; 16.5; [-4.6923076923076925, 3.3076923076923075]; [(602.0, 737.0), (598.0, 741.0), (592.0, 743.0), (588.0, 747.0), (583.0, 750.0), (578.0, 753.0), (573.0, 756.0), (568.0, 760.0), (563.0, 763.0), (559.0, 766.0), (554.0, 770.0), (548.0, 772.0), (543.0, 775.0), (543.0, 774.0), (533.0, 778.0), (529.0, 785.0), (528.0, 786.0), (524.0, 789.0), (519.0, 792.0), (514.0, 795.0)];
5341; [1, 0, 1, 0, 1, 0, 1, 1, 1, 0, 0, 0, 1, 1, 1, 0, 1, 0, 1, 0]; 228; 9; 83; 16.5; [-4.6923076923076925, 3.3076923076923075]; [(602.0, 737.0), (598.0, 741.0), (592.0, 743.0), (588.0, 747.0), (583.0, 750.0), (578.0, 753.0), (573.0, 756.0), (568.0, 760.0), (563.0, 763.0), (559.0, 766.0), (554.0, 770.0), (548.0, 772.0), (543.0, 775.0), (543.0, 774.0), (533.0, 778.0), (529.0, 785.0), (528.0, 786.0), (524.0, 789.0), (519.0, 792.0), (514.0, 795.0)];
5341; [0, 1, 0, 1, 0, 1, 1, 1, 0, 0, 0, 1, 1, 1, 0, 1, 0, 1, 0, 1]; 229; 10; 84; 16.5; [-4.769230769230769, 3.230769230769231]; [(598.0, 741.0), (592.0, 743.0), (588.0, 747.0), (583.0, 750.0), (578.0, 753.0), (573.0, 756.0), (568.0, 760.0), (563.0, 763.0), (559.0, 766.0), (554.0, 770.0), (548.0, 772.0), (543.0, 775.0), (543.0, 774.0), (533.0, 778.0), (529.0, 785.0), (528.0, 786.0), (524.0, 789.0), (519.0, 792.0), (514.0, 795.0), (509.0, 798.0)];
5341; [1, 0, 1, 0, 1, 1, 1, 0, 0, 0, 1, 1, 1, 0, 1, 0, 1, 0, 1, 0]; 230; 9; 85; 16.5; [-4.769230769230769, 3.230769230769231]; [(598.0, 741.0), (592.0, 743.0), (588.0, 747.0), (583.0, 750.0), (578.0, 753.0), (573.0, 756.0), (568.0, 760.0), (563.0, 763.0), (559.0, 766.0), (554.0, 770.0), (548.0, 772.0), (543.0, 775.0), (543.0, 774.0), (533.0, 778.0), (529.0, 785.0), (528.0, 786.0), (524.0, 789.0), (519.0, 792.0), (514.0, 795.0), (509.0, 798.0)];
5341; [0, 1, 0, 1, 1, 1, 0, 0, 0, 1, 1, 1, 0, 1, 0, 1, 0, 1, 0, 1]; 231; 10; 86; 16.5; [-4.785714285714286, 3.2142857142857144]; [(592.0, 743.0), (588.0, 747.0), (583.0, 750.0), (578.0, 753.0), (573.0, 756.0), (568.0, 760.0), (563.0, 763.0), (559.0, 766.0), (554.0, 770.0), (548.0, 772.0), (543.0, 775.0), (543.0, 774.0), (533.0, 778.0), (529.0, 785.0), (528.0, 786.0), (524.0, 789.0), (519.0, 792.0), (514.0, 795.0), (509.0, 798.0), (504.0, 801.0)];
5341; [1, 0, 1, 1, 1, 0, 0, 0, 1, 1, 1, 0, 1, 0, 1, 0, 1, 0, 1, 0]; 232; 9; 87; 16.5; [-4.785714285714286, 3.2142857142857144]; [(592.0, 743.0), (588.0, 747.0), (583.0, 750.0), (578.0, 753.0), (573.0, 756.0), (568.0, 760.0), (563.0, 763.0), (559.0, 766.0), (554.0, 770.0), (548.0, 772.0), (543.0, 775.0), (543.0, 774.0), (533.0, 778.0), (529.0, 785.0), (528.0, 786.0), (524.0, 789.0), (519.0, 792.0), (514.0, 795.0), (509.0, 798.0), (504.0, 801.0)];
5341; [0, 1, 1, 1, 0, 0, 0, 1, 1, 1, 0, 1, 0, 1, 0, 1, 0, 1, 0, 1]; 233; 10; 88; 16.5; [-4.857142857142857, 3.142857142857143]; [(588.0, 747.0), (583.0, 750.0), (578.0, 753.0), (573.0, 756.0), (568.0, 760.0), (563.0, 763.0), (559.0, 766.0), (554.0, 770.0), (548.0, 772.0), (543.0, 775.0), (543.0, 774.0), (533.0, 778.0), (529.0, 785.0), (528.0, 786.0), (524.0, 789.0), (519.0, 792.0), (514.0, 795.0), (509.0, 798.0), (504.0, 801.0), (499.0, 804.0)];
5341; [1, 1, 1, 0, 0, 0, 1, 1, 1, 0, 1, 0, 1, 0, 1, 0, 1, 0, 1, 0]; 234; 9; 89; 16.5; [-4.857142857142857, 3.142857142857143]; [(588.0, 747.0), (583.0, 750.0), (578.0, 753.0), (573.0, 756.0), (568.0, 760.0), (563.0, 763.0), (559.0, 766.0), (554.0, 770.0), (548.0, 772.0), (543.0, 775.0), (543.0, 774.0), (533.0, 778.0), (529.0, 785.0), (528.0, 786.0), (524.0, 789.0), (519.0, 792.0), (514.0, 795.0), (509.0, 798.0), (504.0, 801.0), (499.0, 804.0)];
5341; [1, 1, 0, 0, 0, 1, 1, 1, 0, 1, 0, 1, 0, 1, 0, 1, 0, 1, 0, 1]; 235; 10; 90; 16.5; [-4.857142857142857, 3.2142857142857144]; [(583.0, 750.0), (578.0, 753.0), (573.0, 756.0), (568.0, 760.0), (563.0, 763.0), (559.0, 766.0), (554.0, 770.0), (548.0, 772.0), (543.0, 775.0), (543.0, 774.0), (533.0, 778.0), (529.0, 785.0), (528.0, 786.0), (524.0, 789.0), (519.0, 792.0), (514.0, 795.0), (509.0, 798.0), (504.0, 801.0), (499.0, 804.0), (494.0, 808.0)];
5341; [1, 0, 0, 0, 1, 1, 1, 0, 1, 0, 1, 0, 1, 0, 1, 0, 1, 0, 1, 0]; 236; 9; 91; 15.0; [-4.857142857142857, 3.2142857142857144]; [(583.0, 750.0), (578.0, 753.0), (573.0, 756.0), (568.0, 760.0), (563.0, 763.0), (559.0, 766.0), (554.0, 770.0), (548.0, 772.0), (543.0, 775.0), (543.0, 774.0), (533.0, 778.0), (529.0, 785.0), (528.0, 786.0), (524.0, 789.0), (519.0, 792.0), (514.0, 795.0), (509.0, 798.0), (504.0, 801.0), (499.0, 804.0), (494.0, 808.0)];
5341; [0, 0, 0, 1, 1, 1, 0, 1, 0, 1, 0, 1, 0, 1, 0, 1, 0, 1, 0, 1]; 237; 10; 92; 15.0; [-4.857142857142857, 3.2142857142857144]; [(578.0, 753.0), (573.0, 756.0), (568.0, 760.0), (563.0, 763.0), (559.0, 766.0), (554.0, 770.0), (548.0, 772.0), (543.0, 775.0), (543.0, 774.0), (533.0, 778.0), (529.0, 785.0), (528.0, 786.0), (524.0, 789.0), (519.0, 792.0), (514.0, 795.0), (509.0, 798.0), (504.0, 801.0), (499.0, 804.0), (494.0, 808.0), (489.0, 811.0)];
5341; [0, 0, 1, 1, 1, 0, 1, 0, 1, 0, 1, 0, 1, 0, 1, 0, 1, 0, 1, 0]; 238; 9; 93; 15.0; [-4.857142857142857, 3.2142857142857144]; [(578.0, 753.0), (573.0, 756.0), (568.0, 760.0), (563.0, 763.0), (559.0, 766.0), (554.0, 770.0), (548.0, 772.0), (543.0, 775.0), (543.0, 774.0), (533.0, 778.0), (529.0, 785.0), (528.0, 786.0), (524.0, 789.0), (519.0, 792.0), (514.0, 795.0), (509.0, 798.0), (504.0, 801.0), (499.0, 804.0), (494.0, 808.0), (489.0, 811.0)];
5341; [0, 1, 1, 1, 0, 1, 0, 1, 0, 1, 0, 1, 0, 1, 0, 1, 0, 1, 0, 1]; 239; 10; 94; 16.5; [-4.785714285714286, 3.2142857142857144]; [(573.0, 756.0), (568.0, 760.0), (563.0, 763.0), (559.0, 766.0), (554.0, 770.0), (548.0, 772.0), (543.0, 775.0), (543.0, 774.0), (533.0, 778.0), (529.0, 785.0), (528.0, 786.0), (524.0, 789.0), (519.0, 792.0), (514.0, 795.0), (509.0, 798.0), (504.0, 801.0), (499.0, 804.0), (494.0, 808.0), (489.0, 811.0), (485.0, 814.0)];
5341; [1, 1, 1, 0, 1, 0, 1, 0, 1, 0, 1, 0, 1, 0, 1, 0, 1, 0, 1, 0]; 240; 9; 95; 16.5; [-4.785714285714286, 3.2142857142857144]; [(573.0, 756.0), (568.0, 760.0), (563.0, 763.0), (559.0, 766.0), (554.0, 770.0), (548.0, 772.0), (543.0, 775.0), (543.0, 774.0), (533.0, 778.0), (529.0, 785.0), (528.0, 786.0), (524.0, 789.0), (519.0, 792.0), (514.0, 795.0), (509.0, 798.0), (504.0, 801.0), (499.0, 804.0), (494.0, 808.0), (489.0, 811.0), (485.0, 814.0)];
5341; [1, 1, 0, 1, 0, 1, 0, 1, 0, 1, 0, 1, 0, 1, 0, 1, 0, 1, 0, 1]; 241; 10; 96; 16.5; [-4.857142857142857, 3.142857142857143]; [(568.0, 760.0), (563.0, 763.0), (559.0, 766.0), (554.0, 770.0), (548.0, 772.0), (543.0, 775.0), (543.0, 774.0), (533.0, 778.0), (529.0, 785.0), (528.0, 786.0), (524.0, 789.0), (519.0, 792.0), (514.0, 795.0), (509.0, 798.0), (504.0, 801.0), (499.0, 804.0), (494.0, 808.0), (489.0, 811.0), (485.0, 814.0), (479.0, 817.0)];
5341; [1, 0, 1, 0, 1, 0, 1, 0, 1, 0, 1, 0, 1, 0, 1, 0, 1, 0, 1, 0]; 242; 9; 97; 15.0; [-4.857142857142857, 3.142857142857143]; [(568.0, 760.0), (563.0, 763.0), (559.0, 766.0), (554.0, 770.0), (548.0, 772.0), (543.0, 775.0), (543.0, 774.0), (533.0, 778.0), (529.0, 785.0), (528.0, 786.0), (524.0, 789.0), (519.0, 792.0), (514.0, 795.0), (509.0, 798.0), (504.0, 801.0), (499.0, 804.0), (494.0, 808.0), (489.0, 811.0), (485.0, 814.0), (479.0, 817.0)];
5341; [0, 1, 0, 1, 0, 1, 0, 1, 0, 1, 0, 1, 0, 1, 0, 1, 0, 1, 0, 1]; 243; 10; 98; 15.0; [-4.785714285714286, 3.2142857142857144]; [(563.0, 763.0), (559.0, 766.0), (554.0, 770.0), (548.0, 772.0), (543.0, 775.0), (543.0, 774.0), (533.0, 778.0), (529.0, 785.0), (528.0, 786.0), (524.0, 789.0), (519.0, 792.0), (514.0, 795.0), (509.0, 798.0), (504.0, 801.0), (499.0, 804.0), (494.0, 808.0), (489.0, 811.0), (485.0, 814.0), (479.0, 817.0), (475.0, 821.0)];
5341; [1, 0, 1, 0, 1, 0, 1, 0, 1, 0, 1, 0, 1, 0, 1, 0, 1, 0, 1, 0]; 244; 9; 99; 15.0; [-4.785714285714286, 3.2142857142857144]; [(563.0, 763.0), (559.0, 766.0), (554.0, 770.0), (548.0, 772.0), (543.0, 775.0), (543.0, 774.0), (533.0, 778.0), (529.0, 785.0), (528.0, 786.0), (524.0, 789.0), (519.0, 792.0), (514.0, 795.0), (509.0, 798.0), (504.0, 801.0), (499.0, 804.0), (494.0, 808.0), (489.0, 811.0), (485.0, 814.0), (479.0, 817.0), (475.0, 821.0)];
5341; [0, 1, 0, 1, 0, 1, 0, 1, 0, 1, 0, 1, 0, 1, 0, 1, 0, 1, 0, 1]; 245; 10; 100; 15.0; [-4.846153846153846, 3.230769230769231]; [(559.0, 766.0), (554.0, 770.0), (548.0, 772.0), (543.0, 775.0), (543.0, 774.0), (533.0, 778.0), (529.0, 785.0), (528.0, 786.0), (524.0, 789.0), (519.0, 792.0), (514.0, 795.0), (509.0, 798.0), (504.0, 801.0), (499.0, 804.0), (494.0, 808.0), (489.0, 811.0), (485.0, 814.0), (479.0, 817.0), (475.0, 821.0), (472.0, 824.0)];
5341; [1, 0, 1, 0, 1, 0, 1, 0, 1, 0, 1, 0, 1, 0, 1, 0, 1, 0, 1, 0]; 246; 9; 101; 15.0; [-4.846153846153846, 3.230769230769231]; [(559.0, 766.0), (554.0, 770.0), (548.0, 772.0), (543.0, 775.0), (543.0, 774.0), (533.0, 778.0), (529.0, 785.0), (528.0, 786.0), (524.0, 789.0), (519.0, 792.0), (514.0, 795.0), (509.0, 798.0), (504.0, 801.0), (499.0, 804.0), (494.0, 808.0), (489.0, 811.0), (485.0, 814.0), (479.0, 817.0), (475.0, 821.0), (472.0, 824.0)];
5341; [0, 1, 0, 1, 0, 1, 0, 1, 0, 1, 0, 1, 0, 1, 0, 1, 0, 1, 0, 1]; 247; 10; 102; 15.0; [-4.833333333333333, 3.1666666666666665]; [(554.0, 770.0), (548.0, 772.0), (543.0, 775.0), (543.0, 774.0), (533.0, 778.0), (529.0, 785.0), (528.0, 786.0), (524.0, 789.0), (519.0, 792.0), (514.0, 795.0), (509.0, 798.0), (504.0, 801.0), (499.0, 804.0), (494.0, 808.0), (489.0, 811.0), (485.0, 814.0), (479.0, 817.0), (475.0, 821.0), (472.0, 824.0), (465.0, 825.0)];
5341; [1, 0, 1, 0, 1, 0, 1, 0, 1, 0, 1, 0, 1, 0, 1, 0, 1, 0, 1, 1]; 248; 10; 103; 16.5; [-4.583333333333333, 3.1666666666666665]; [(548.0, 772.0), (543.0, 775.0), (543.0, 774.0), (533.0, 778.0), (529.0, 785.0), (528.0, 786.0), (524.0, 789.0), (519.0, 792.0), (514.0, 795.0), (509.0, 798.0), (504.0, 801.0), (499.0, 804.0), (494.0, 808.0), (489.0, 811.0), (485.0, 814.0), (479.0, 817.0), (475.0, 821.0), (472.0, 824.0), (465.0, 825.0), (463.0, 827.0)];
5341; [0, 1, 0, 1, 0, 1, 0, 1, 0, 1, 0, 1, 0, 1, 0, 1, 0, 1, 1, 1]; 249; 10; 104; 16.5; [-4.545454545454546, 3.1818181818181817]; [(543.0, 775.0), (543.0, 774.0), (533.0, 778.0), (529.0, 785.0), (528.0, 786.0), (524.0, 789.0), (519.0, 792.0), (514.0, 795.0), (509.0, 798.0), (504.0, 801.0), (499.0, 804.0), (494.0, 808.0), (489.0, 811.0), (485.0, 814.0), (479.0, 817.0), (475.0, 821.0), (472.0, 824.0), (465.0, 825.0), (463.0, 827.0), (460.0, 831.0)];
5341; [1, 0, 1, 0, 1, 0, 1, 0, 1, 0, 1, 0, 1, 0, 1, 0, 1, 1, 1, 0]; 250; 9; 105; 16.5; [-4.545454545454546, 3.1818181818181817]; [(543.0, 775.0), (543.0, 774.0), (533.0, 778.0), (529.0, 785.0), (528.0, 786.0), (524.0, 789.0), (519.0, 792.0), (514.0, 795.0), (509.0, 798.0), (504.0, 801.0), (499.0, 804.0), (494.0, 808.0), (489.0, 811.0), (485.0, 814.0), (479.0, 817.0), (475.0, 821.0), (472.0, 824.0), (465.0, 825.0), (463.0, 827.0), (460.0, 831.0)];
5341; [0, 1, 0, 1, 0, 1, 0, 1, 0, 1, 0, 1, 0, 1, 0, 1, 1, 1, 0, 1]; 251; 10; 106; 16.5; [-4.833333333333333, 3.1666666666666665]; [(543.0, 774.0), (533.0, 778.0), (529.0, 785.0), (528.0, 786.0), (524.0, 789.0), (519.0, 792.0), (514.0, 795.0), (509.0, 798.0), (504.0, 801.0), (499.0, 804.0), (494.0, 808.0), (489.0, 811.0), (485.0, 814.0), (479.0, 817.0), (475.0, 821.0), (472.0, 824.0), (465.0, 825.0), (463.0, 827.0), (460.0, 831.0), (455.0, 834.0)];
5341; [1, 0, 1, 0, 1, 0, 1, 0, 1, 0, 1, 0, 1, 0, 1, 1, 1, 0, 1, 0]; 252; 9; 107; 16.5; [-4.833333333333333, 3.1666666666666665]; [(543.0, 774.0), (533.0, 778.0), (529.0, 785.0), (528.0, 786.0), (524.0, 789.0), (519.0, 792.0), (514.0, 795.0), (509.0, 798.0), (504.0, 801.0), (499.0, 804.0), (494.0, 808.0), (489.0, 811.0), (485.0, 814.0), (479.0, 817.0), (475.0, 821.0), (472.0, 824.0), (465.0, 825.0), (463.0, 827.0), (460.0, 831.0), (455.0, 834.0)];
5341; [0, 1, 0, 1, 0, 1, 0, 1, 0, 1, 0, 1, 0, 1, 1, 1, 0, 1, 0, 1]; 253; 10; 108; 16.5; [-4.615384615384615, 3.1538461538461537]; [(533.0, 778.0), (529.0, 785.0), (528.0, 786.0), (524.0, 789.0), (519.0, 792.0), (514.0, 795.0), (509.0, 798.0), (504.0, 801.0), (499.0, 804.0), (494.0, 808.0), (489.0, 811.0), (485.0, 814.0), (479.0, 817.0), (475.0, 821.0), (472.0, 824.0), (465.0, 825.0), (463.0, 827.0), (460.0, 831.0), (455.0, 834.0), (450.0, 837.0)];
5341; [1, 0, 1, 0, 1, 0, 1, 0, 1, 0, 1, 0, 1, 1, 1, 0, 1, 0, 1, 0]; 254; 9; 109; 16.5; [-4.615384615384615, 3.1538461538461537]; [(533.0, 778.0), (529.0, 785.0), (528.0, 786.0), (524.0, 789.0), (519.0, 792.0), (514.0, 795.0), (509.0, 798.0), (504.0, 801.0), (499.0, 804.0), (494.0, 808.0), (489.0, 811.0), (485.0, 814.0), (479.0, 817.0), (475.0, 821.0), (472.0, 824.0), (465.0, 825.0), (463.0, 827.0), (460.0, 831.0), (455.0, 834.0), (450.0, 837.0)];
5341; [0, 1, 0, 1, 0, 1, 0, 1, 0, 1, 0, 1, 1, 1, 0, 1, 0, 1, 0, 1]; 255; 10; 110; 16.5; [-4.642857142857143, 3.142857142857143]; [(529.0, 785.0), (528.0, 786.0), (524.0, 789.0), (519.0, 792.0), (514.0, 795.0), (509.0, 798.0), (504.0, 801.0), (499.0, 804.0), (494.0, 808.0), (489.0, 811.0), (485.0, 814.0), (479.0, 817.0), (475.0, 821.0), (472.0, 824.0), (465.0, 825.0), (463.0, 827.0), (460.0, 831.0), (455.0, 834.0), (450.0, 837.0), (445.0, 840.0)];
5341; [1, 0, 1, 0, 1, 0, 1, 0, 1, 0, 1, 1, 1, 0, 1, 0, 1, 0, 1, 0]; 256; 9; 111; 16.5; [-4.642857142857143, 3.142857142857143]; [(529.0, 785.0), (528.0, 786.0), (524.0, 789.0), (519.0, 792.0), (514.0, 795.0), (509.0, 798.0), (504.0, 801.0), (499.0, 804.0), (494.0, 808.0), (489.0, 811.0), (485.0, 814.0), (479.0, 817.0), (475.0, 821.0), (472.0, 824.0), (465.0, 825.0), (463.0, 827.0), (460.0, 831.0), (455.0, 834.0), (450.0, 837.0), (445.0, 840.0)];
5341; [0, 1, 0, 1, 0, 1, 0, 1, 0, 1, 1, 1, 0, 1, 0, 1, 0, 1, 0, 1]; 257; 10; 112; 16.5; [-4.866666666666666, 3.1333333333333333]; [(528.0, 786.0), (524.0, 789.0), (519.0, 792.0), (514.0, 795.0), (509.0, 798.0), (504.0, 801.0), (499.0, 804.0), (494.0, 808.0), (489.0, 811.0), (485.0, 814.0), (479.0, 817.0), (475.0, 821.0), (472.0, 824.0), (465.0, 825.0), (463.0, 827.0), (460.0, 831.0), (455.0, 834.0), (450.0, 837.0), (445.0, 840.0), (440.0, 843.0)];
5341; [1, 0, 1, 0, 1, 0, 1, 0, 1, 1, 1, 0, 1, 0, 1, 0, 1, 0, 1, 0]; 258; 9; 113; 16.5; [-4.866666666666666, 3.1333333333333333]; [(528.0, 786.0), (524.0, 789.0), (519.0, 792.0), (514.0, 795.0), (509.0, 798.0), (504.0, 801.0), (499.0, 804.0), (494.0, 808.0), (489.0, 811.0), (485.0, 814.0), (479.0, 817.0), (475.0, 821.0), (472.0, 824.0), (465.0, 825.0), (463.0, 827.0), (460.0, 831.0), (455.0, 834.0), (450.0, 837.0), (445.0, 840.0), (440.0, 843.0)];
5341; [0, 1, 0, 1, 0, 1, 0, 1, 1, 1, 0, 1, 0, 1, 0, 1, 0, 1, 0, 1]; 259; 10; 114; 16.5; [-4.933333333333334, 3.2]; [(524.0, 789.0), (519.0, 792.0), (514.0, 795.0), (509.0, 798.0), (504.0, 801.0), (499.0, 804.0), (494.0, 808.0), (489.0, 811.0), (485.0, 814.0), (479.0, 817.0), (475.0, 821.0), (472.0, 824.0), (465.0, 825.0), (463.0, 827.0), (460.0, 831.0), (455.0, 834.0), (450.0, 837.0), (445.0, 840.0), (440.0, 843.0), (435.0, 847.0)];
5341; [1, 0, 1, 0, 1, 0, 1, 1, 1, 0, 1, 0, 1, 0, 1, 0, 1, 0, 1, 0]; 260; 9; 115; 16.5; [-4.933333333333334, 3.2]; [(524.0, 789.0), (519.0, 792.0), (514.0, 795.0), (509.0, 798.0), (504.0, 801.0), (499.0, 804.0), (494.0, 808.0), (489.0, 811.0), (485.0, 814.0), (479.0, 817.0), (475.0, 821.0), (472.0, 824.0), (465.0, 825.0), (463.0, 827.0), (460.0, 831.0), (455.0, 834.0), (450.0, 837.0), (445.0, 840.0), (440.0, 843.0), (435.0, 847.0)];
5341; [0, 1, 0, 1, 0, 1, 1, 1, 0, 1, 0, 1, 0, 1, 0, 1, 0, 1, 0, 1]; 261; 10; 116; 16.5; [-4.933333333333334, 3.2]; [(519.0, 792.0), (514.0, 795.0), (509.0, 798.0), (504.0, 801.0), (499.0, 804.0), (494.0, 808.0), (489.0, 811.0), (485.0, 814.0), (479.0, 817.0), (475.0, 821.0), (472.0, 824.0), (465.0, 825.0), (463.0, 827.0), (460.0, 831.0), (455.0, 834.0), (450.0, 837.0), (445.0, 840.0), (440.0, 843.0), (435.0, 847.0), (430.0, 850.0)];
5341; [1, 0, 1, 0, 1, 1, 1, 0, 1, 0, 1, 0, 1, 0, 1, 0, 1, 0, 1, 0]; 262; 9; 117; 16.5; [-4.933333333333334, 3.2]; [(519.0, 792.0), (514.0, 795.0), (509.0, 798.0), (504.0, 801.0), (499.0, 804.0), (494.0, 808.0), (489.0, 811.0), (485.0, 814.0), (479.0, 817.0), (475.0, 821.0), (472.0, 824.0), (465.0, 825.0), (463.0, 827.0), (460.0, 831.0), (455.0, 834.0), (450.0, 837.0), (445.0, 840.0), (440.0, 843.0), (435.0, 847.0), (430.0, 850.0)];
5341; [0, 1, 0, 1, 1, 1, 0, 1, 0, 1, 0, 1, 0, 1, 0, 1, 0, 1, 0, 1]; 263; 10; 118; 16.5; [-4.933333333333334, 3.2]; [(514.0, 795.0), (509.0, 798.0), (504.0, 801.0), (499.0, 804.0), (494.0, 808.0), (489.0, 811.0), (485.0, 814.0), (479.0, 817.0), (475.0, 821.0), (472.0, 824.0), (465.0, 825.0), (463.0, 827.0), (460.0, 831.0), (455.0, 834.0), (450.0, 837.0), (445.0, 840.0), (440.0, 843.0), (435.0, 847.0), (430.0, 850.0), (425.0, 853.0)];
5341; [1, 0, 1, 1, 1, 0, 1, 0, 1, 0, 1, 0, 1, 0, 1, 0, 1, 0, 1, 0]; 264; 9; 119; 16.5; [-4.933333333333334, 3.2]; [(514.0, 795.0), (509.0, 798.0), (504.0, 801.0), (499.0, 804.0), (494.0, 808.0), (489.0, 811.0), (485.0, 814.0), (479.0, 817.0), (475.0, 821.0), (472.0, 824.0), (465.0, 825.0), (463.0, 827.0), (460.0, 831.0), (455.0, 834.0), (450.0, 837.0), (445.0, 840.0), (440.0, 843.0), (435.0, 847.0), (430.0, 850.0), (425.0, 853.0)];
5341; [0, 1, 1, 1, 0, 1, 0, 1, 0, 1, 0, 1, 0, 1, 0, 1, 0, 1, 0, 1]; 265; 10; 120; 16.5; [-4.933333333333334, 3.2]; [(509.0, 798.0), (504.0, 801.0), (499.0, 804.0), (494.0, 808.0), (489.0, 811.0), (485.0, 814.0), (479.0, 817.0), (475.0, 821.0), (472.0, 824.0), (465.0, 825.0), (463.0, 827.0), (460.0, 831.0), (455.0, 834.0), (450.0, 837.0), (445.0, 840.0), (440.0, 843.0), (435.0, 847.0), (430.0, 850.0), (425.0, 853.0), (420.0, 856.0)];
5341; [1, 1, 1, 0, 1, 0, 1, 0, 1, 0, 1, 0, 1, 0, 1, 0, 1, 0, 1, 0]; 266; 9; 121; 16.5; [-4.933333333333334, 3.2]; [(509.0, 798.0), (504.0, 801.0), (499.0, 804.0), (494.0, 808.0), (489.0, 811.0), (485.0, 814.0), (479.0, 817.0), (475.0, 821.0), (472.0, 824.0), (465.0, 825.0), (463.0, 827.0), (460.0, 831.0), (455.0, 834.0), (450.0, 837.0), (445.0, 840.0), (440.0, 843.0), (435.0, 847.0), (430.0, 850.0), (425.0, 853.0), (420.0, 856.0)];
5341; [1, 1, 0, 1, 0, 1, 0, 1, 0, 1, 0, 1, 0, 1, 0, 1, 0, 1, 0, 1]; 267; 10; 122; 16.5; [-4.933333333333334, 3.2]; [(504.0, 801.0), (499.0, 804.0), (494.0, 808.0), (489.0, 811.0), (485.0, 814.0), (479.0, 817.0), (475.0, 821.0), (472.0, 824.0), (465.0, 825.0), (463.0, 827.0), (460.0, 831.0), (455.0, 834.0), (450.0, 837.0), (445.0, 840.0), (440.0, 843.0), (435.0, 847.0), (430.0, 850.0), (425.0, 853.0), (420.0, 856.0), (415.0, 859.0)];
5341; [1, 0, 1, 0, 1, 0, 1, 0, 1, 0, 1, 0, 1, 0, 1, 0, 1, 0, 1, 1]; 268; 10; 123; 16.5; [-4.928571428571429, 3.2142857142857144]; [(499.0, 804.0), (494.0, 808.0), (489.0, 811.0), (485.0, 814.0), (479.0, 817.0), (475.0, 821.0), (472.0, 824.0), (465.0, 825.0), (463.0, 827.0), (460.0, 831.0), (455.0, 834.0), (450.0, 837.0), (445.0, 840.0), (440.0, 843.0), (435.0, 847.0), (430.0, 850.0), (425.0, 853.0), (420.0, 856.0), (415.0, 859.0), (412.0, 861.0)];
5341; [0, 1, 0, 1, 0, 1, 0, 1, 0, 1, 0, 1, 0, 1, 0, 1, 0, 1, 1, 1]; 269; 10; 124; 16.5; [-4.6923076923076925, 3.1538461538461537]; [(494.0, 808.0), (489.0, 811.0), (485.0, 814.0), (479.0, 817.0), (475.0, 821.0), (472.0, 824.0), (465.0, 825.0), (463.0, 827.0), (460.0, 831.0), (455.0, 834.0), (450.0, 837.0), (445.0, 840.0), (440.0, 843.0), (435.0, 847.0), (430.0, 850.0), (425.0, 853.0), (420.0, 856.0), (415.0, 859.0), (412.0, 861.0), (410.0, 863.0)];
5341; [1, 0, 1, 0, 1, 0, 1, 0, 1, 0, 1, 0, 1, 0, 1, 0, 1, 1, 1, 0]; 270; 9; 125; 16.5; [-4.6923076923076925, 3.1538461538461537]; [(494.0, 808.0), (489.0, 811.0), (485.0, 814.0), (479.0, 817.0), (475.0, 821.0), (472.0, 824.0), (465.0, 825.0), (463.0, 827.0), (460.0, 831.0), (455.0, 834.0), (450.0, 837.0), (445.0, 840.0), (440.0, 843.0), (435.0, 847.0), (430.0, 850.0), (425.0, 853.0), (420.0, 856.0), (415.0, 859.0), (412.0, 861.0), (410.0, 863.0)];
5341; [0, 1, 0, 1, 0, 1, 0, 1, 0, 1, 0, 1, 0, 1, 0, 1, 1, 1, 0, 1]; 271; 10; 126; 16.5; [-4.6923076923076925, 3.1538461538461537]; [(489.0, 811.0), (485.0, 814.0), (479.0, 817.0), (475.0, 821.0), (472.0, 824.0), (465.0, 825.0), (463.0, 827.0), (460.0, 831.0), (455.0, 834.0), (450.0, 837.0), (445.0, 840.0), (440.0, 843.0), (435.0, 847.0), (430.0, 850.0), (425.0, 853.0), (420.0, 856.0), (415.0, 859.0), (412.0, 861.0), (410.0, 863.0), (405.0, 866.0)];
5341; [1, 0, 1, 0, 1, 0, 1, 0, 1, 0, 1, 0, 1, 0, 1, 1, 1, 0, 1, 0]; 272; 9; 127; 16.5; [-4.6923076923076925, 3.1538461538461537]; [(489.0, 811.0), (485.0, 814.0), (479.0, 817.0), (475.0, 821.0), (472.0, 824.0), (465.0, 825.0), (463.0, 827.0), (460.0, 831.0), (455.0, 834.0), (450.0, 837.0), (445.0, 840.0), (440.0, 843.0), (435.0, 847.0), (430.0, 850.0), (425.0, 853.0), (420.0, 856.0), (415.0, 859.0), (412.0, 861.0), (410.0, 863.0), (405.0, 866.0)];
5341; [0, 1, 0, 1, 0, 1, 0, 1, 0, 1, 0, 1, 0, 1, 1, 1, 0, 1, 0, 1]; 273; 10; 128; 16.5; [-4.769230769230769, 3.1538461538461537]; [(485.0, 814.0), (479.0, 817.0), (475.0, 821.0), (472.0, 824.0), (465.0, 825.0), (463.0, 827.0), (460.0, 831.0), (455.0, 834.0), (450.0, 837.0), (445.0, 840.0), (440.0, 843.0), (435.0, 847.0), (430.0, 850.0), (425.0, 853.0), (420.0, 856.0), (415.0, 859.0), (412.0, 861.0), (410.0, 863.0), (405.0, 866.0), (400.0, 869.0)];
5341; [1, 0, 1, 0, 1, 0, 1, 0, 1, 0, 1, 0, 1, 1, 1, 0, 1, 0, 1, 0]; 274; 9; 129; 16.5; [-4.769230769230769, 3.1538461538461537]; [(485.0, 814.0), (479.0, 817.0), (475.0, 821.0), (472.0, 824.0), (465.0, 825.0), (463.0, 827.0), (460.0, 831.0), (455.0, 834.0), (450.0, 837.0), (445.0, 840.0), (440.0, 843.0), (435.0, 847.0), (430.0, 850.0), (425.0, 853.0), (420.0, 856.0), (415.0, 859.0), (412.0, 861.0), (410.0, 863.0), (405.0, 866.0), (400.0, 869.0)];
5341; [0, 1, 0, 1, 0, 1, 0, 1, 0, 1, 0, 1, 1, 1, 0, 1, 0, 1, 0, 1]; 275; 10; 130; 16.5; [-4.785714285714286, 3.142857142857143]; [(479.0, 817.0), (475.0, 821.0), (472.0, 824.0), (465.0, 825.0), (463.0, 827.0), (460.0, 831.0), (455.0, 834.0), (450.0, 837.0), (445.0, 840.0), (440.0, 843.0), (435.0, 847.0), (430.0, 850.0), (425.0, 853.0), (420.0, 856.0), (415.0, 859.0), (412.0, 861.0), (410.0, 863.0), (405.0, 866.0), (400.0, 869.0), (395.0, 872.0)];
5341; [1, 0, 1, 0, 1, 0, 1, 0, 1, 0, 1, 1, 1, 0, 1, 0, 1, 0, 1, 0]; 276; 9; 131; 16.5; [-4.785714285714286, 3.142857142857143]; [(479.0, 817.0), (475.0, 821.0), (472.0, 824.0), (465.0, 825.0), (463.0, 827.0), (460.0, 831.0), (455.0, 834.0), (450.0, 837.0), (445.0, 840.0), (440.0, 843.0), (435.0, 847.0), (430.0, 850.0), (425.0, 853.0), (420.0, 856.0), (415.0, 859.0), (412.0, 861.0), (410.0, 863.0), (405.0, 866.0), (400.0, 869.0), (395.0, 872.0)];
5341; [0, 1, 0, 1, 0, 1, 0, 1, 0, 1, 1, 1, 0, 1, 0, 1, 0, 1, 0, 1]; 277; 10; 132; 16.5; [-4.785714285714286, 3.142857142857143]; [(475.0, 821.0), (472.0, 824.0), (465.0, 825.0), (463.0, 827.0), (460.0, 831.0), (455.0, 834.0), (450.0, 837.0), (445.0, 840.0), (440.0, 843.0), (435.0, 847.0), (430.0, 850.0), (425.0, 853.0), (420.0, 856.0), (415.0, 859.0), (412.0, 861.0), (410.0, 863.0), (405.0, 866.0), (400.0, 869.0), (395.0, 872.0), (391.0, 876.0)];
5341; [1, 0, 1, 0, 1, 0, 1, 0, 1, 1, 1, 0, 1, 0, 1, 0, 1, 0, 1, 0]; 278; 9; 133; 16.5; [-4.785714285714286, 3.142857142857143]; [(475.0, 821.0), (472.0, 824.0), (465.0, 825.0), (463.0, 827.0), (460.0, 831.0), (455.0, 834.0), (450.0, 837.0), (445.0, 840.0), (440.0, 843.0), (435.0, 847.0), (430.0, 850.0), (425.0, 853.0), (420.0, 856.0), (415.0, 859.0), (412.0, 861.0), (410.0, 863.0), (405.0, 866.0), (400.0, 869.0), (395.0, 872.0), (391.0, 876.0)];
5341; [0, 1, 0, 1, 0, 1, 0, 1, 1, 1, 0, 1, 0, 1, 0, 1, 0, 1, 0, 1]; 279; 10; 134; 16.5; [-4.928571428571429, 3.2142857142857144]; [(472.0, 824.0), (465.0, 825.0), (463.0, 827.0), (460.0, 831.0), (455.0, 834.0), (450.0, 837.0), (445.0, 840.0), (440.0, 843.0), (435.0, 847.0), (430.0, 850.0), (425.0, 853.0), (420.0, 856.0), (415.0, 859.0), (412.0, 861.0), (410.0, 863.0), (405.0, 866.0), (400.0, 869.0), (395.0, 872.0), (391.0, 876.0), (386.0, 880.0)];
5341; [1, 0, 1, 0, 1, 0, 1, 1, 1, 0, 1, 0, 1, 0, 1, 0, 1, 0, 1, 0]; 280; 9; 135; 16.5; [-4.928571428571429, 3.2142857142857144]; [(472.0, 824.0), (465.0, 825.0), (463.0, 827.0), (460.0, 831.0), (455.0, 834.0), (450.0, 837.0), (445.0, 840.0), (440.0, 843.0), (435.0, 847.0), (430.0, 850.0), (425.0, 853.0), (420.0, 856.0), (415.0, 859.0), (412.0, 861.0), (410.0, 863.0), (405.0, 866.0), (400.0, 869.0), (395.0, 872.0), (391.0, 876.0), (386.0, 880.0)];
5341; [0, 1, 0, 1, 0, 1, 1, 1, 0, 1, 0, 1, 0, 1, 0, 1, 0, 1, 0, 1]; 281; 10; 136; 16.5; [-4.866666666666666, 3.2]; [(465.0, 825.0), (463.0, 827.0), (460.0, 831.0), (455.0, 834.0), (450.0, 837.0), (445.0, 840.0), (440.0, 843.0), (435.0, 847.0), (430.0, 850.0), (425.0, 853.0), (420.0, 856.0), (415.0, 859.0), (412.0, 861.0), (410.0, 863.0), (405.0, 866.0), (400.0, 869.0), (395.0, 872.0), (391.0, 876.0), (386.0, 880.0), (382.0, 883.0)];
5341; [1, 0, 1, 0, 1, 1, 1, 0, 1, 0, 1, 0, 1, 0, 1, 0, 1, 0, 1, 0]; 282; 9; 137; 16.5; [-4.866666666666666, 3.2]; [(465.0, 825.0), (463.0, 827.0), (460.0, 831.0), (455.0, 834.0), (450.0, 837.0), (445.0, 840.0), (440.0, 843.0), (435.0, 847.0), (430.0, 850.0), (425.0, 853.0), (420.0, 856.0), (415.0, 859.0), (412.0, 861.0), (410.0, 863.0), (405.0, 866.0), (400.0, 869.0), (395.0, 872.0), (391.0, 876.0), (386.0, 880.0), (382.0, 883.0)];
5341; [0, 1, 0, 1, 1, 1, 0, 1, 0, 1, 0, 1, 0, 1, 0, 1, 0, 1, 0, 1]; 283; 10; 138; 16.5; [-4.866666666666666, 3.2]; [(463.0, 827.0), (460.0, 831.0), (455.0, 834.0), (450.0, 837.0), (445.0, 840.0), (440.0, 843.0), (435.0, 847.0), (430.0, 850.0), (425.0, 853.0), (420.0, 856.0), (415.0, 859.0), (412.0, 861.0), (410.0, 863.0), (405.0, 866.0), (400.0, 869.0), (395.0, 872.0), (391.0, 876.0), (386.0, 880.0), (382.0, 883.0), (375.0, 885.0)];
5341; [1, 0, 1, 1, 1, 0, 1, 0, 1, 0, 1, 0, 1, 0, 1, 0, 1, 0, 1, 0]; 284; 9; 139; 16.5; [-4.866666666666666, 3.2]; [(463.0, 827.0), (460.0, 831.0), (455.0, 834.0), (450.0, 837.0), (445.0, 840.0), (440.0, 843.0), (435.0, 847.0), (430.0, 850.0), (425.0, 853.0), (420.0, 856.0), (415.0, 859.0), (412.0, 861.0), (410.0, 863.0), (405.0, 866.0), (400.0, 869.0), (395.0, 872.0), (391.0, 876.0), (386.0, 880.0), (382.0, 883.0), (375.0, 885.0)];
5341; [0, 1, 1, 1, 0, 1, 0, 1, 0, 1, 0, 1, 0, 1, 0, 1, 0, 1, 0, 1]; 285; 10; 140; 16.5; [-4.875, 3.25]; [(460.0, 831.0), (455.0, 834.0), (450.0, 837.0), (445.0, 840.0), (440.0, 843.0), (435.0, 847.0), (430.0, 850.0), (425.0, 853.0), (420.0, 856.0), (415.0, 859.0), (412.0, 861.0), (410.0, 863.0), (405.0, 866.0), (400.0, 869.0), (395.0, 872.0), (391.0, 876.0), (386.0, 880.0), (382.0, 883.0), (375.0, 885.0), (370.0, 889.0)];
5341; [1, 1, 1, 0, 1, 0, 1, 0, 1, 0, 1, 0, 1, 0, 1, 0, 1, 0, 1, 0]; 286; 9; 141; 16.5; [-4.875, 3.25]; [(460.0, 831.0), (455.0, 834.0), (450.0, 837.0), (445.0, 840.0), (440.0, 843.0), (435.0, 847.0), (430.0, 850.0), (425.0, 853.0), (420.0, 856.0), (415.0, 859.0), (412.0, 861.0), (410.0, 863.0), (405.0, 866.0), (400.0, 869.0), (395.0, 872.0), (391.0, 876.0), (386.0, 880.0), (382.0, 883.0), (375.0, 885.0), (370.0, 889.0)];
5341; [1, 1, 0, 1, 0, 1, 0, 1, 0, 1, 0, 1, 0, 1, 0, 1, 0, 1, 0, 1]; 287; 10; 142; 16.5; [-4.875, 3.25]; [(455.0, 834.0), (450.0, 837.0), (445.0, 840.0), (440.0, 843.0), (435.0, 847.0), (430.0, 850.0), (425.0, 853.0), (420.0, 856.0), (415.0, 859.0), (412.0, 861.0), (410.0, 863.0), (405.0, 866.0), (400.0, 869.0), (395.0, 872.0), (391.0, 876.0), (386.0, 880.0), (382.0, 883.0), (375.0, 885.0), (370.0, 889.0), (365.0, 892.0)];
5341; [1, 0, 1, 0, 1, 0, 1, 0, 1, 0, 1, 0, 1, 0, 1, 0, 1, 0, 1, 0]; 288; 9; 143; 15.0; [-4.875, 3.25]; [(455.0, 834.0), (450.0, 837.0), (445.0, 840.0), (440.0, 843.0), (435.0, 847.0), (430.0, 850.0), (425.0, 853.0), (420.0, 856.0), (415.0, 859.0), (412.0, 861.0), (410.0, 863.0), (405.0, 866.0), (400.0, 869.0), (395.0, 872.0), (391.0, 876.0), (386.0, 880.0), (382.0, 883.0), (375.0, 885.0), (370.0, 889.0), (365.0, 892.0)];
5341; [0, 1, 0, 1, 0, 1, 0, 1, 0, 1, 0, 1, 0, 1, 0, 1, 0, 1, 0, 1]; 289; 10; 144; 15.0; [-4.875, 3.3125]; [(450.0, 837.0), (445.0, 840.0), (440.0, 843.0), (435.0, 847.0), (430.0, 850.0), (425.0, 853.0), (420.0, 856.0), (415.0, 859.0), (412.0, 861.0), (410.0, 863.0), (405.0, 866.0), (400.0, 869.0), (395.0, 872.0), (391.0, 876.0), (386.0, 880.0), (382.0, 883.0), (375.0, 885.0), (370.0, 889.0), (365.0, 892.0), (360.0, 896.0)];
5341; [1, 0, 1, 0, 1, 0, 1, 0, 1, 0, 1, 0, 1, 0, 1, 0, 1, 0, 1, 0]; 290; 9; 145; 15.0; [-4.875, 3.3125]; [(450.0, 837.0), (445.0, 840.0), (440.0, 843.0), (435.0, 847.0), (430.0, 850.0), (425.0, 853.0), (420.0, 856.0), (415.0, 859.0), (412.0, 861.0), (410.0, 863.0), (405.0, 866.0), (400.0, 869.0), (395.0, 872.0), (391.0, 876.0), (386.0, 880.0), (382.0, 883.0), (375.0, 885.0), (370.0, 889.0), (365.0, 892.0), (360.0, 896.0)];
5341; [0, 1, 0, 1, 0, 1, 0, 1, 0, 1, 0, 1, 0, 1, 0, 1, 0, 1, 0, 1]; 291; 10; 146; 15.0; [-4.875, 3.3125]; [(445.0, 840.0), (440.0, 843.0), (435.0, 847.0), (430.0, 850.0), (425.0, 853.0), (420.0, 856.0), (415.0, 859.0), (412.0, 861.0), (410.0, 863.0), (405.0, 866.0), (400.0, 869.0), (395.0, 872.0), (391.0, 876.0), (386.0, 880.0), (382.0, 883.0), (375.0, 885.0), (370.0, 889.0), (365.0, 892.0), (360.0, 896.0), (355.0, 899.0)];
5341; [1, 0, 1, 0, 1, 0, 1, 0, 1, 0, 1, 0, 1, 0, 1, 0, 1, 0, 1, 0]; 292; 9; 147; 15.0; [-4.875, 3.3125]; [(445.0, 840.0), (440.0, 843.0), (435.0, 847.0), (430.0, 850.0), (425.0, 853.0), (420.0, 856.0), (415.0, 859.0), (412.0, 861.0), (410.0, 863.0), (405.0, 866.0), (400.0, 869.0), (395.0, 872.0), (391.0, 876.0), (386.0, 880.0), (382.0, 883.0), (375.0, 885.0), (370.0, 889.0), (365.0, 892.0), (360.0, 896.0), (355.0, 899.0)];
5341; [0, 1, 0, 1, 0, 1, 0, 1, 0, 1, 0, 1, 0, 1, 0, 1, 0, 1, 0, 1]; 293; 10; 148; 15.0; [-4.875, 3.3125]; [(440.0, 843.0), (435.0, 847.0), (430.0, 850.0), (425.0, 853.0), (420.0, 856.0), (415.0, 859.0), (412.0, 861.0), (410.0, 863.0), (405.0, 866.0), (400.0, 869.0), (395.0, 872.0), (391.0, 876.0), (386.0, 880.0), (382.0, 883.0), (375.0, 885.0), (370.0, 889.0), (365.0, 892.0), (360.0, 896.0), (355.0, 899.0), (350.0, 902.0)];
5341; [1, 0, 1, 0, 1, 0, 1, 0, 1, 0, 1, 0, 1, 0, 1, 0, 1, 0, 1, 0]; 294; 9; 149; 15.0; [-4.875, 3.3125]; [(440.0, 843.0), (435.0, 847.0), (430.0, 850.0), (425.0, 853.0), (420.0, 856.0), (415.0, 859.0), (412.0, 861.0), (410.0, 863.0), (405.0, 866.0), (400.0, 869.0), (395.0, 872.0), (391.0, 876.0), (386.0, 880.0), (382.0, 883.0), (375.0, 885.0), (370.0, 889.0), (365.0, 892.0), (360.0, 896.0), (355.0, 899.0), (350.0, 902.0)];
5341; [0, 1, 0, 1, 0, 1, 0, 1, 0, 1, 0, 1, 0, 1, 0, 1, 0, 1, 0, 1]; 295; 10; 150; 15.0; [-4.875, 3.3125]; [(435.0, 847.0), (430.0, 850.0), (425.0, 853.0), (420.0, 856.0), (415.0, 859.0), (412.0, 861.0), (410.0, 863.0), (405.0, 866.0), (400.0, 869.0), (395.0, 872.0), (391.0, 876.0), (386.0, 880.0), (382.0, 883.0), (375.0, 885.0), (370.0, 889.0), (365.0, 892.0), (360.0, 896.0), (355.0, 899.0), (350.0, 902.0), (345.0, 906.0)];
5341; [1, 0, 1, 0, 1, 0, 1, 0, 1, 0, 1, 0, 1, 0, 1, 0, 1, 0, 1, 0]; 296; 9; 151; 15.0; [-4.875, 3.3125]; [(435.0, 847.0), (430.0, 850.0), (425.0, 853.0), (420.0, 856.0), (415.0, 859.0), (412.0, 861.0), (410.0, 863.0), (405.0, 866.0), (400.0, 869.0), (395.0, 872.0), (391.0, 876.0), (386.0, 880.0), (382.0, 883.0), (375.0, 885.0), (370.0, 889.0), (365.0, 892.0), (360.0, 896.0), (355.0, 899.0), (350.0, 902.0), (345.0, 906.0)];
5341; [0, 1, 0, 1, 0, 1, 0, 1, 0, 1, 0, 1, 0, 1, 0, 1, 0, 1, 0, 1]; 297; 10; 152; 15.0; [-4.875, 3.3125]; [(430.0, 850.0), (425.0, 853.0), (420.0, 856.0), (415.0, 859.0), (412.0, 861.0), (410.0, 863.0), (405.0, 866.0), (400.0, 869.0), (395.0, 872.0), (391.0, 876.0), (386.0, 880.0), (382.0, 883.0), (375.0, 885.0), (370.0, 889.0), (365.0, 892.0), (360.0, 896.0), (355.0, 899.0), (350.0, 902.0), (345.0, 906.0), (340.0, 909.0)];
5341; [1, 0, 1, 0, 1, 0, 1, 0, 1, 0, 1, 0, 1, 0, 1, 0, 1, 0, 1, 0]; 298; 9; 153; 15.0; [-4.875, 3.3125]; [(430.0, 850.0), (425.0, 853.0), (420.0, 856.0), (415.0, 859.0), (412.0, 861.0), (410.0, 863.0), (405.0, 866.0), (400.0, 869.0), (395.0, 872.0), (391.0, 876.0), (386.0, 880.0), (382.0, 883.0), (375.0, 885.0), (370.0, 889.0), (365.0, 892.0), (360.0, 896.0), (355.0, 899.0), (350.0, 902.0), (345.0, 906.0), (340.0, 909.0)];
5341; [0, 1, 0, 1, 0, 1, 0, 1, 0, 1, 0, 1, 0, 1, 0, 1, 0, 1, 0, 1]; 299; 10; 154; 15.0; [-4.8125, 3.375]; [(425.0, 853.0), (420.0, 856.0), (415.0, 859.0), (412.0, 861.0), (410.0, 863.0), (405.0, 866.0), (400.0, 869.0), (395.0, 872.0), (391.0, 876.0), (386.0, 880.0), (382.0, 883.0), (375.0, 885.0), (370.0, 889.0), (365.0, 892.0), (360.0, 896.0), (355.0, 899.0), (350.0, 902.0), (345.0, 906.0), (340.0, 909.0), (336.0, 913.0)];
5341; [1, 0, 1, 0, 1, 0, 1, 0, 1, 0, 1, 0, 1, 0, 1, 0, 1, 0, 1, 0]; 300; 9; 155; 15.0; [-4.8125, 3.375]; [(425.0, 853.0), (420.0, 856.0), (415.0, 859.0), (412.0, 861.0), (410.0, 863.0), (405.0, 866.0), (400.0, 869.0), (395.0, 872.0), (391.0, 876.0), (386.0, 880.0), (382.0, 883.0), (375.0, 885.0), (370.0, 889.0), (365.0, 892.0), (360.0, 896.0), (355.0, 899.0), (350.0, 902.0), (345.0, 906.0), (340.0, 909.0), (336.0, 913.0)];
5341; [0, 1, 0, 1, 0, 1, 0, 1, 0, 1, 0, 1, 0, 1, 0, 1, 0, 1, 0, 1]; 301; 10; 156; 15.0; [-4.875, 3.375]; [(420.0, 856.0), (415.0, 859.0), (412.0, 861.0), (410.0, 863.0), (405.0, 866.0), (400.0, 869.0), (395.0, 872.0), (391.0, 876.0), (386.0, 880.0), (382.0, 883.0), (375.0, 885.0), (370.0, 889.0), (365.0, 892.0), (360.0, 896.0), (355.0, 899.0), (350.0, 902.0), (345.0, 906.0), (340.0, 909.0), (336.0, 913.0), (330.0, 916.0)];
5341; [1, 0, 1, 0, 1, 0, 1, 0, 1, 0, 1, 0, 1, 0, 1, 0, 1, 0, 1, 0]; 302; 9; 157; 15.0; [-4.875, 3.375]; [(420.0, 856.0), (415.0, 859.0), (412.0, 861.0), (410.0, 863.0), (405.0, 866.0), (400.0, 869.0), (395.0, 872.0), (391.0, 876.0), (386.0, 880.0), (382.0, 883.0), (375.0, 885.0), (370.0, 889.0), (365.0, 892.0), (360.0, 896.0), (355.0, 899.0), (350.0, 902.0), (345.0, 906.0), (340.0, 909.0), (336.0, 913.0), (330.0, 916.0)];
5341; [0, 1, 0, 1, 0, 1, 0, 1, 0, 1, 0, 1, 0, 1, 0, 1, 0, 1, 0, 0]; 303; 8; 158; 13.5; [-4.875, 3.375]; [(420.0, 856.0), (415.0, 859.0), (412.0, 861.0), (410.0, 863.0), (405.0, 866.0), (400.0, 869.0), (395.0, 872.0), (391.0, 876.0), (386.0, 880.0), (382.0, 883.0), (375.0, 885.0), (370.0, 889.0), (365.0, 892.0), (360.0, 896.0), (355.0, 899.0), (350.0, 902.0), (345.0, 906.0), (340.0, 909.0), (336.0, 913.0), (330.0, 916.0)];
5341; [1, 0, 1, 0, 1, 0, 1, 0, 1, 0, 1, 0, 1, 0, 1, 0, 1, 0, 0, 0]; 304; 7; 159; 13.5; [-4.875, 3.375]; [(420.0, 856.0), (415.0, 859.0), (412.0, 861.0), (410.0, 863.0), (405.0, 866.0), (400.0, 869.0), (395.0, 872.0), (391.0, 876.0), (386.0, 880.0), (382.0, 883.0), (375.0, 885.0), (370.0, 889.0), (365.0, 892.0), (360.0, 896.0), (355.0, 899.0), (350.0, 902.0), (345.0, 906.0), (340.0, 909.0), (336.0, 913.0), (330.0, 916.0)];
5341; [0, 1, 0, 1, 0, 1, 0, 1, 0, 1, 0, 1, 0, 1, 0, 1, 0, 0, 0, 0]; 305; 6; 157; 12.0; [-4.875, 3.375]; [(420.0, 856.0), (415.0, 859.0), (412.0, 861.0), (410.0, 863.0), (405.0, 866.0), (400.0, 869.0), (395.0, 872.0), (391.0, 876.0), (386.0, 880.0), (382.0, 883.0), (375.0, 885.0), (370.0, 889.0), (365.0, 892.0), (360.0, 896.0), (355.0, 899.0), (350.0, 902.0), (345.0, 906.0), (340.0, 909.0), (336.0, 913.0), (330.0, 916.0)];
5341; [1, 0, 1, 0, 1, 0, 1, 0, 1, 0, 1, 0, 1, 0, 1, 0, 0, 0, 0, 0]; 306; 5; 155; 12.0; [-4.875, 3.375]; [(420.0, 856.0), (415.0, 859.0), (412.0, 861.0), (410.0, 863.0), (405.0, 866.0), (400.0, 869.0), (395.0, 872.0), (391.0, 876.0), (386.0, 880.0), (382.0, 883.0), (375.0, 885.0), (370.0, 889.0), (365.0, 892.0), (360.0, 896.0), (355.0, 899.0), (350.0, 902.0), (345.0, 906.0), (340.0, 909.0), (336.0, 913.0), (330.0, 916.0)];
5341; [0, 1, 0, 1, 0, 1, 0, 1, 0, 1, 0, 1, 0, 1, 0, 0, 0, 0, 0, 0]; 307; 4; 153; 10.5; [-4.875, 3.375]; [(420.0, 856.0), (415.0, 859.0), (412.0, 861.0), (410.0, 863.0), (405.0, 866.0), (400.0, 869.0), (395.0, 872.0), (391.0, 876.0), (386.0, 880.0), (382.0, 883.0), (375.0, 885.0), (370.0, 889.0), (365.0, 892.0), (360.0, 896.0), (355.0, 899.0), (350.0, 902.0), (345.0, 906.0), (340.0, 909.0), (336.0, 913.0), (330.0, 916.0)];
5341; [1, 0, 1, 0, 1, 0, 1, 0, 1, 0, 1, 0, 1, 0, 0, 0, 0, 0, 0, 0]; 308; 3; 151; 10.5; [-4.875, 3.375]; [(420.0, 856.0), (415.0, 859.0), (412.0, 861.0), (410.0, 863.0), (405.0, 866.0), (400.0, 869.0), (395.0, 872.0), (391.0, 876.0), (386.0, 880.0), (382.0, 883.0), (375.0, 885.0), (370.0, 889.0), (365.0, 892.0), (360.0, 896.0), (355.0, 899.0), (350.0, 902.0), (345.0, 906.0), (340.0, 909.0), (336.0, 913.0), (330.0, 916.0)];
5341; [0, 1, 0, 1, 0, 1, 0, 1, 0, 1, 0, 1, 0, 0, 0, 0, 0, 0, 0, 0]; 309; 2; 149; 9.0; [-4.875, 3.375]; [(420.0, 856.0), (415.0, 859.0), (412.0, 861.0), (410.0, 863.0), (405.0, 866.0), (400.0, 869.0), (395.0, 872.0), (391.0, 876.0), (386.0, 880.0), (382.0, 883.0), (375.0, 885.0), (370.0, 889.0), (365.0, 892.0), (360.0, 896.0), (355.0, 899.0), (350.0, 902.0), (345.0, 906.0), (340.0, 909.0), (336.0, 913.0), (330.0, 916.0)];
5341; [1, 0, 1, 0, 1, 0, 1, 0, 1, 0, 1, 0, 0, 0, 0, 0, 0, 0, 0, 0]; 310; 1; 147; 9.0; [-4.875, 3.375]; [(420.0, 856.0), (415.0, 859.0), (412.0, 861.0), (410.0, 863.0), (405.0, 866.0), (400.0, 869.0), (395.0, 872.0), (391.0, 876.0), (386.0, 880.0), (382.0, 883.0), (375.0, 885.0), (370.0, 889.0), (365.0, 892.0), (360.0, 896.0), (355.0, 899.0), (350.0, 902.0), (345.0, 906.0), (340.0, 909.0), (336.0, 913.0), (330.0, 916.0)];
5341; [0, 1, 0, 1, 0, 1, 0, 1, 0, 1, 0, 0, 0, 0, 0, 0, 0, 0, 0, 0]; 311; 0; 145; 7.5; [-4.875, 3.375]; [(420.0, 856.0), (415.0, 859.0), (412.0, 861.0), (410.0, 863.0), (405.0, 866.0), (400.0, 869.0), (395.0, 872.0), (391.0, 876.0), (386.0, 880.0), (382.0, 883.0), (375.0, 885.0), (370.0, 889.0), (365.0, 892.0), (360.0, 896.0), (355.0, 899.0), (350.0, 902.0), (345.0, 906.0), (340.0, 909.0), (336.0, 913.0), (330.0, 916.0)];
